source_path,source_type,target_path,target_type,relation_type,confidence,current_context,recommendation,reason,risk,suggested_action,responsible_agent,requires_manual_review,status_onda1,reason_onda1,applied_at,backup_path
.agents/skills/vercel-react-best-practices/AGENTS.md,agente,.agents/skills/vercel-react-best-practices/rules/async-defer-await.md,agente,INCERTA,0.45,1.1 Check Cheap Conditions Before Async Flags,sugerir revisão/limpeza,sem evidência suficiente no contexto local do link,médio,revisar manualmente,Agente Governança do Viny Brain,sim,needs_review,abaixo do limite de confiança automática ou depende de avaliação semântica humana,,/home/vinicius-alves/viny-brain-backups/Conexoes Obsidian/Onda 1 - 2026-08-06
.agents/skills/vercel-react-best-practices/AGENTS.md,agente,.agents/skills/vercel-react-best-practices/rules/async-cheap-condition-before-await.md,agente,INCERTA,0.45,1.2 Defer Await Until Needed,sugerir revisão/limpeza,sem evidência suficiente no contexto local do link,médio,revisar manualmente,Agente Governança do Viny Brain,sim,needs_review,abaixo do limite de confiança automática ou depende de avaliação semântica humana,,/home/vinicius-alves/viny-brain-backups/Conexoes Obsidian/Onda 1 - 2026-08-06
.agents/skills/vercel-react-best-practices/AGENTS.md,agente,.agents/skills/vercel-react-best-practices/rules/server-hoist-static-io.md,agente,INCERTA,0.45,3.3 Avoid Shared Module State for Request Data,sugerir revisão/limpeza,sem evidência suficiente no contexto local do link,médio,revisar manualmente,Agente Governança do Viny Brain,sim,needs_review,abaixo do limite de confiança automática ou depende de avaliação semântica humana,,/home/vinicius-alves/viny-brain-backups/Conexoes Obsidian/Onda 1 - 2026-08-06
.agents/skills/vercel-react-best-practices/rules/async-cheap-condition-before-await.md,agente,.agents/skills/vercel-react-best-practices/rules/async-defer-await.md,agente,INCERTA,0.45,Check Cheap Conditions Before Async Flags,sugerir revisão/limpeza,sem evidência suficiente no contexto local do link,médio,revisar manualmente,Agente Governança do Viny Brain,sim,needs_review,abaixo do limite de confiança automática ou depende de avaliação semântica humana,,/home/vinicius-alves/viny-brain-backups/Conexoes Obsidian/Onda 1 - 2026-08-06
.agents/skills/vercel-react-best-practices/rules/async-defer-await.md,agente,.agents/skills/vercel-react-best-practices/rules/async-cheap-condition-before-await.md,agente,INCERTA,0.45,Defer Await Until Needed,sugerir revisão/limpeza,sem evidência suficiente no contexto local do link,médio,revisar manualmente,Agente Governança do Viny Brain,sim,needs_review,abaixo do limite de confiança automática ou depende de avaliação semântica humana,,/home/vinicius-alves/viny-brain-backups/Conexoes Obsidian/Onda 1 - 2026-08-06
.agents/skills/vercel-react-best-practices/rules/server-no-shared-module-state.md,agente,.agents/skills/vercel-react-best-practices/rules/server-hoist-static-io.md,agente,INCERTA,0.45,Avoid Shared Module State for Request Data,sugerir revisão/limpeza,sem evidência suficiente no contexto local do link,médio,revisar manualmente,Agente Governança do Viny Brain,sim,needs_review,abaixo do limite de confiança automática ou depende de avaliação semântica humana,,/home/vinicius-alves/viny-brain-backups/Conexoes Obsidian/Onda 1 - 2026-08-06
00 - Mapas/MOC - Base de Conhecimento.md,MOC ou mapa,13 - Base de Conhecimento/00 - Índice/Índice Geral.md,índice,NAVEGAÇÃO,0.82,Estrutura,manter,item listado em MOC/índice,baixo,manter,Agente Governança do Viny Brain,não,preserved,preservado por ser link forte/navegação/rastreabilidade ou sem autorização de remoção automática,,/home/vinicius-alves/viny-brain-backups/Conexoes Obsidian/Onda 1 - 2026-08-06
00 - Mapas/MOC - Base de Conhecimento.md,MOC ou mapa,13 - Base de Conhecimento/00 - Índice/Mapa por Temas.md,MOC ou mapa,NAVEGAÇÃO,0.82,Estrutura,manter,item listado em MOC/índice,baixo,manter,Agente Governança do Viny Brain,não,preserved,preservado por ser link forte/navegação/rastreabilidade ou sem autorização de remoção automática,,/home/vinicius-alves/viny-brain-backups/Conexoes Obsidian/Onda 1 - 2026-08-06
00 - Mapas/MOC - Base de Conhecimento.md,MOC ou mapa,13 - Base de Conhecimento/00 - Índice/Como usar a Base de Conhecimento.md,índice,NAVEGAÇÃO,0.82,Estrutura,manter,item listado em MOC/índice,baixo,manter,Agente Governança do Viny Brain,não,preserved,preservado por ser link forte/navegação/rastreabilidade ou sem autorização de remoção automática,,/home/vinicius-alves/viny-brain-backups/Conexoes Obsidian/Onda 1 - 2026-08-06
00 - Mapas/MOC - Base de Conhecimento.md,MOC ou mapa,13 - Base de Conhecimento/00 - Índice/Plano de Importação.md,índice,NAVEGAÇÃO,0.82,Estrutura,manter,item listado em MOC/índice,baixo,manter,Agente Governança do Viny Brain,não,preserved,preservado por ser link forte/navegação/rastreabilidade ou sem autorização de remoção automática,,/home/vinicius-alves/viny-brain-backups/Conexoes Obsidian/Onda 1 - 2026-08-06
00 - Mapas/MOC - Codex.md,MOC ou mapa,08 - Codex/Regras do Codex.md,classificação incerta,NAVEGAÇÃO,0.82,Entradas principais,manter,item listado em MOC/índice,baixo,manter,Agente Governança do Viny Brain,não,preserved,preservado por ser link forte/navegação/rastreabilidade ou sem autorização de remoção automática,,/home/vinicius-alves/viny-brain-backups/Conexoes Obsidian/Onda 1 - 2026-08-06
00 - Mapas/MOC - Codex.md,MOC ou mapa,08 - Codex/Contexto do Trabalho.md,classificação incerta,NAVEGAÇÃO,0.82,Entradas principais,manter,item listado em MOC/índice,baixo,manter,Agente Governança do Viny Brain,não,preserved,preservado por ser link forte/navegação/rastreabilidade ou sem autorização de remoção automática,,/home/vinicius-alves/viny-brain-backups/Conexoes Obsidian/Onda 1 - 2026-08-06
00 - Mapas/MOC - Codex.md,MOC ou mapa,08 - Codex/Protocolo de Sessão.md,histórico,NAVEGAÇÃO,0.82,Entradas principais,manter,item listado em MOC/índice,baixo,manter,Agente Governança do Viny Brain,não,preserved,preservado por ser link forte/navegação/rastreabilidade ou sem autorização de remoção automática,,/home/vinicius-alves/viny-brain-backups/Conexoes Obsidian/Onda 1 - 2026-08-06
00 - Mapas/MOC - Codex.md,MOC ou mapa,08 - Codex/Prompt de Inicialização.md,classificação incerta,NAVEGAÇÃO,0.82,Entradas principais,manter,item listado em MOC/índice,baixo,manter,Agente Governança do Viny Brain,não,preserved,preservado por ser link forte/navegação/rastreabilidade ou sem autorização de remoção automática,,/home/vinicius-alves/viny-brain-backups/Conexoes Obsidian/Onda 1 - 2026-08-06
00 - Mapas/MOC - Codex.md,MOC ou mapa,08 - Codex/Checklist de Segurança.md,classificação incerta,NAVEGAÇÃO,0.82,Entradas principais,manter,item listado em MOC/índice,baixo,manter,Agente Governança do Viny Brain,não,preserved,preservado por ser link forte/navegação/rastreabilidade ou sem autorização de remoção automática,,/home/vinicius-alves/viny-brain-backups/Conexoes Obsidian/Onda 1 - 2026-08-06
00 - Mapas/MOC - Codex.md,MOC ou mapa,08 - Codex/Checklist de Validação de Base.md,relatório,NAVEGAÇÃO,0.82,Entradas principais,manter,item listado em MOC/índice,baixo,manter,Agente Governança do Viny Brain,não,preserved,preservado por ser link forte/navegação/rastreabilidade ou sem autorização de remoção automática,,/home/vinicius-alves/viny-brain-backups/Conexoes Obsidian/Onda 1 - 2026-08-06
00 - Mapas/MOC - Codex.md,MOC ou mapa,08 - Codex/Checklist de Backup Local.md,arquivo de apoio,NAVEGAÇÃO,0.82,Entradas principais,manter,item listado em MOC/índice,baixo,manter,Agente Governança do Viny Brain,não,preserved,preservado por ser link forte/navegação/rastreabilidade ou sem autorização de remoção automática,,/home/vinicius-alves/viny-brain-backups/Conexoes Obsidian/Onda 1 - 2026-08-06
00 - Mapas/MOC - Codex.md,MOC ou mapa,08 - Codex/Status Operacional do Codex.md,classificação incerta,NAVEGAÇÃO,0.82,Entradas principais,manter,item listado em MOC/índice,baixo,manter,Agente Governança do Viny Brain,não,preserved,preservado por ser link forte/navegação/rastreabilidade ou sem autorização de remoção automática,,/home/vinicius-alves/viny-brain-backups/Conexoes Obsidian/Onda 1 - 2026-08-06
00 - Mapas/MOC - Codex.md,MOC ou mapa,08 - Codex/Skills instaladas.md,classificação incerta,NAVEGAÇÃO,0.82,Entradas principais,manter,item listado em MOC/índice,baixo,manter,Agente Governança do Viny Brain,não,preserved,preservado por ser link forte/navegação/rastreabilidade ou sem autorização de remoção automática,,/home/vinicius-alves/viny-brain-backups/Conexoes Obsidian/Onda 1 - 2026-08-06
00 - Mapas/MOC - Codex.md,MOC ou mapa,08 - Codex/Regras de Isolamento de Tarefa.md,demanda,NAVEGAÇÃO,0.82,Entradas principais,manter,item listado em MOC/índice,baixo,manter,Agente Governança do Viny Brain,não,preserved,preservado por ser link forte/navegação/rastreabilidade ou sem autorização de remoção automática,,/home/vinicius-alves/viny-brain-backups/Conexoes Obsidian/Onda 1 - 2026-08-06
00 - Mapas/MOC - Codex.md,MOC ou mapa,00 - Mapas/Painel Operacional - Viny Brain.md,MOC ou mapa,NAVEGAÇÃO,0.82,Entradas principais,manter,item listado em MOC/índice,baixo,manter,Agente Governança do Viny Brain,não,preserved,preservado por ser link forte/navegação/rastreabilidade ou sem autorização de remoção automática,,/home/vinicius-alves/viny-brain-backups/Conexoes Obsidian/Onda 1 - 2026-08-06
00 - Mapas/MOC - Codex.md,MOC ou mapa,17 - Viny Flow/README.md,processo,NAVEGAÇÃO,0.82,Entradas principais,manter,item listado em MOC/índice,baixo,manter,Agente Governança do Viny Brain,não,preserved,preservado por ser link forte/navegação/rastreabilidade ou sem autorização de remoção automática,,/home/vinicius-alves/viny-brain-backups/Conexoes Obsidian/Onda 1 - 2026-08-06
00 - Mapas/MOC - Codex.md,MOC ou mapa,14 - Histórico Codex/Modelo de Checkpoint.md,template,NAVEGAÇÃO,0.82,Entradas principais,manter,item listado em MOC/índice,baixo,manter,Agente Governança do Viny Brain,não,preserved,preservado por ser link forte/navegação/rastreabilidade ou sem autorização de remoção automática,,/home/vinicius-alves/viny-brain-backups/Conexoes Obsidian/Onda 1 - 2026-08-06
00 - Mapas/MOC - Codex.md,MOC ou mapa,14 - Histórico Codex/Checkpoint Atual.md,checkpoint,NAVEGAÇÃO,0.82,Entradas principais,manter,item listado em MOC/índice,baixo,manter,Agente Governança do Viny Brain,não,preserved,preservado por ser link forte/navegação/rastreabilidade ou sem autorização de remoção automática,,/home/vinicius-alves/viny-brain-backups/Conexoes Obsidian/Onda 1 - 2026-08-06
00 - Mapas/MOC - Tutoriais StayCloud.md,MOC ou mapa,03 - Tutoriais/Produção em Lote/Painel Novo/Tutoriais Corretos V2/16 - Como configurar um domínio personalizado no Deploy StayCloud/04 - VALIDAÇÃO FINAL.md,relatório,NAVEGAÇÃO,0.82,Estado atual,manter,item listado em MOC/índice,baixo,manter,Agente Governança do Viny Brain,não,preserved,preservado por ser link forte/navegação/rastreabilidade ou sem autorização de remoção automática,,/home/vinicius-alves/viny-brain-backups/Conexoes Obsidian/Onda 1 - 2026-08-06
00 - Mapas/MOC - Tutoriais StayCloud.md,MOC ou mapa,03 - Tutoriais/Produção em Lote/Painel Novo/Tutoriais Corretos V2/15 - Como publicar uma nova versão pelo Deploy StayCloud/04 - VALIDAÇÃO FINAL.md,relatório,NAVEGAÇÃO,0.82,Estado atual,manter,item listado em MOC/índice,baixo,manter,Agente Governança do Viny Brain,não,preserved,preservado por ser link forte/navegação/rastreabilidade ou sem autorização de remoção automática,,/home/vinicius-alves/viny-brain-backups/Conexoes Obsidian/Onda 1 - 2026-08-06
00 - Mapas/MOC - Tutoriais StayCloud.md,MOC ou mapa,03 - Tutoriais/Fluxo Oficial - Criação e Publicação de Tutorial StayCloud.md,tutorial,NAVEGAÇÃO,0.82,Padrões,manter,item listado em MOC/índice,baixo,manter,Agente Governança do Viny Brain,não,preserved,preservado por ser link forte/navegação/rastreabilidade ou sem autorização de remoção automática,,/home/vinicius-alves/viny-brain-backups/Conexoes Obsidian/Onda 1 - 2026-08-06
00 - Mapas/MOC - Tutoriais StayCloud.md,MOC ou mapa,03 - Tutoriais/Modo Tutorial StayCloud.md,tutorial,NAVEGAÇÃO,0.82,Padrões,manter,item listado em MOC/índice,baixo,manter,Agente Governança do Viny Brain,não,preserved,preservado por ser link forte/navegação/rastreabilidade ou sem autorização de remoção automática,,/home/vinicius-alves/viny-brain-backups/Conexoes Obsidian/Onda 1 - 2026-08-06
00 - Mapas/MOC - Tutoriais StayCloud.md,MOC ou mapa,03 - Tutoriais/Padrão de Prints StayCloud.md,arquivo de apoio,NAVEGAÇÃO,0.82,Padrões,manter,item listado em MOC/índice,baixo,manter,Agente Governança do Viny Brain,não,preserved,preservado por ser link forte/navegação/rastreabilidade ou sem autorização de remoção automática,,/home/vinicius-alves/viny-brain-backups/Conexoes Obsidian/Onda 1 - 2026-08-06
00 - Mapas/MOC - Tutoriais StayCloud.md,MOC ou mapa,03 - Tutoriais/Checklist UI UX - Tutorial StayCloud.md,tutorial,NAVEGAÇÃO,0.82,Padrões,manter,item listado em MOC/índice,baixo,manter,Agente Governança do Viny Brain,não,preserved,preservado por ser link forte/navegação/rastreabilidade ou sem autorização de remoção automática,,/home/vinicius-alves/viny-brain-backups/Conexoes Obsidian/Onda 1 - 2026-08-06
00 - Mapas/MOC - Tutoriais StayCloud.md,MOC ou mapa,03 - Tutoriais/Checklist SEO Rank Math StayCloud.md,classificação incerta,NAVEGAÇÃO,0.82,Padrões,manter,item listado em MOC/índice,baixo,manter,Agente Governança do Viny Brain,não,preserved,preservado por ser link forte/navegação/rastreabilidade ou sem autorização de remoção automática,,/home/vinicius-alves/viny-brain-backups/Conexoes Obsidian/Onda 1 - 2026-08-06
00 - Mapas/MOC - Tutoriais StayCloud.md,MOC ou mapa,03 - Tutoriais/Checklist Final - Revisão antes do WordPress.md,tutorial,NAVEGAÇÃO,0.82,Padrões,manter,item listado em MOC/índice,baixo,manter,Agente Governança do Viny Brain,não,preserved,preservado por ser link forte/navegação/rastreabilidade ou sem autorização de remoção automática,,/home/vinicius-alves/viny-brain-backups/Conexoes Obsidian/Onda 1 - 2026-08-06
00 - Mapas/MOC - Tutoriais StayCloud.md,MOC ou mapa,03 - Tutoriais/Estudos de Padrão StayCloud/Guia de Padrão - Tutoriais StayCloud Painel Novo.md,tutorial,NAVEGAÇÃO,0.82,Padrões,manter,item listado em MOC/índice,baixo,manter,Agente Governança do Viny Brain,não,preserved,preservado por ser link forte/navegação/rastreabilidade ou sem autorização de remoção automática,,/home/vinicius-alves/viny-brain-backups/Conexoes Obsidian/Onda 1 - 2026-08-06
00 - Mapas/MOC - Tutoriais StayCloud.md,MOC ou mapa,17 - Viny Flow/02 - Workflows/Criar Tutorial StayCloud.md,workflow,NAVEGAÇÃO,0.82,Workflows,manter,item listado em MOC/índice,baixo,manter,Agente Governança do Viny Brain,não,preserved,preservado por ser link forte/navegação/rastreabilidade ou sem autorização de remoção automática,,/home/vinicius-alves/viny-brain-backups/Conexoes Obsidian/Onda 1 - 2026-08-06
00 - Mapas/MOC - Tutoriais StayCloud.md,MOC ou mapa,17 - Viny Flow/02 - Workflows/Revisar Tutorial StayCloud.md,workflow,NAVEGAÇÃO,0.82,Workflows,manter,item listado em MOC/índice,baixo,manter,Agente Governança do Viny Brain,não,preserved,preservado por ser link forte/navegação/rastreabilidade ou sem autorização de remoção automática,,/home/vinicius-alves/viny-brain-backups/Conexoes Obsidian/Onda 1 - 2026-08-06
00 - Mapas/MOC - Tutoriais StayCloud.md,MOC ou mapa,17 - Viny Flow/02 - Workflows/Publicar Tutorial StayCloud.md,workflow,NAVEGAÇÃO,0.82,Workflows,manter,item listado em MOC/índice,baixo,manter,Agente Governança do Viny Brain,não,preserved,preservado por ser link forte/navegação/rastreabilidade ou sem autorização de remoção automática,,/home/vinicius-alves/viny-brain-backups/Conexoes Obsidian/Onda 1 - 2026-08-06
00 - Mapas/MOC - Tutoriais StayCloud.md,MOC ou mapa,17 - Viny Flow/02 - Workflows/Auditar Contexto.md,workflow,NAVEGAÇÃO,0.82,Workflows,manter,item listado em MOC/índice,baixo,manter,Agente Governança do Viny Brain,não,preserved,preservado por ser link forte/navegação/rastreabilidade ou sem autorização de remoção automática,,/home/vinicius-alves/viny-brain-backups/Conexoes Obsidian/Onda 1 - 2026-08-06
00 - Mapas/MOC - Tutoriais StayCloud.md,MOC ou mapa,17 - Viny Flow/02 - Workflows/Auditar Governança do Viny Brain.md,workflow,NAVEGAÇÃO,0.82,Workflows,manter,item listado em MOC/índice,baixo,manter,Agente Governança do Viny Brain,não,preserved,preservado por ser link forte/navegação/rastreabilidade ou sem autorização de remoção automática,,/home/vinicius-alves/viny-brain-backups/Conexoes Obsidian/Onda 1 - 2026-08-06
00 - Mapas/MOC - Tutoriais StayCloud.md,MOC ou mapa,"17 - Viny Flow/02 - Workflows/Auditar Skills, Agents e Workflows.md",workflow,NAVEGAÇÃO,0.82,Workflows,manter,item listado em MOC/índice,baixo,manter,Agente Governança do Viny Brain,não,preserved,preservado por ser link forte/navegação/rastreabilidade ou sem autorização de remoção automática,,/home/vinicius-alves/viny-brain-backups/Conexoes Obsidian/Onda 1 - 2026-08-06
00 - Mapas/MOC - Tutoriais StayCloud.md,MOC ou mapa,17 - Viny Flow/02 - Workflows/Quality Gate - Validar Entrega.md,workflow,NAVEGAÇÃO,0.82,Workflows,manter,item listado em MOC/índice,baixo,manter,Agente Governança do Viny Brain,não,preserved,preservado por ser link forte/navegação/rastreabilidade ou sem autorização de remoção automática,,/home/vinicius-alves/viny-brain-backups/Conexoes Obsidian/Onda 1 - 2026-08-06
00 - Mapas/MOC - Tutoriais StayCloud.md,MOC ou mapa,17 - Viny Flow/02 - Workflows/Revisão de Segurança.md,workflow,NAVEGAÇÃO,0.82,Workflows,manter,item listado em MOC/índice,baixo,manter,Agente Governança do Viny Brain,não,preserved,preservado por ser link forte/navegação/rastreabilidade ou sem autorização de remoção automática,,/home/vinicius-alves/viny-brain-backups/Conexoes Obsidian/Onda 1 - 2026-08-06
00 - Mapas/MOC - Tutoriais StayCloud.md,MOC ou mapa,17 - Viny Flow/02 - Workflows/Extrair Aprendizados da Sessão.md,histórico,NAVEGAÇÃO,0.82,Workflows,manter,item listado em MOC/índice,baixo,manter,Agente Governança do Viny Brain,não,preserved,preservado por ser link forte/navegação/rastreabilidade ou sem autorização de remoção automática,,/home/vinicius-alves/viny-brain-backups/Conexoes Obsidian/Onda 1 - 2026-08-06
00 - Mapas/MOC - Tutoriais StayCloud.md,MOC ou mapa,17 - Viny Flow/01 - Agentes/Agente Tutorial StayCloud.md,agente,NAVEGAÇÃO,0.82,Agentes,manter,item listado em MOC/índice,baixo,manter,Agente Governança do Viny Brain,não,preserved,preservado por ser link forte/navegação/rastreabilidade ou sem autorização de remoção automática,,/home/vinicius-alves/viny-brain-backups/Conexoes Obsidian/Onda 1 - 2026-08-06
00 - Mapas/MOC - Tutoriais StayCloud.md,MOC ou mapa,17 - Viny Flow/01 - Agentes/Agente Visual e Prints.md,agente,NAVEGAÇÃO,0.82,Agentes,manter,item listado em MOC/índice,baixo,manter,Agente Governança do Viny Brain,não,preserved,preservado por ser link forte/navegação/rastreabilidade ou sem autorização de remoção automática,,/home/vinicius-alves/viny-brain-backups/Conexoes Obsidian/Onda 1 - 2026-08-06
00 - Mapas/MOC - Tutoriais StayCloud.md,MOC ou mapa,17 - Viny Flow/01 - Agentes/Agente UI UX Experience.md,agente,NAVEGAÇÃO,0.82,Agentes,manter,item listado em MOC/índice,baixo,manter,Agente Governança do Viny Brain,não,preserved,preservado por ser link forte/navegação/rastreabilidade ou sem autorização de remoção automática,,/home/vinicius-alves/viny-brain-backups/Conexoes Obsidian/Onda 1 - 2026-08-06
00 - Mapas/MOC - Tutoriais StayCloud.md,MOC ou mapa,17 - Viny Flow/01 - Agentes/Agente SEO Rank Math.md,agente,NAVEGAÇÃO,0.82,Agentes,manter,item listado em MOC/índice,baixo,manter,Agente Governança do Viny Brain,não,preserved,preservado por ser link forte/navegação/rastreabilidade ou sem autorização de remoção automática,,/home/vinicius-alves/viny-brain-backups/Conexoes Obsidian/Onda 1 - 2026-08-06
00 - Mapas/MOC - Tutoriais StayCloud.md,MOC ou mapa,17 - Viny Flow/01 - Agentes/Agente WordPress.md,agente,NAVEGAÇÃO,0.82,Agentes,manter,item listado em MOC/índice,baixo,manter,Agente Governança do Viny Brain,não,preserved,preservado por ser link forte/navegação/rastreabilidade ou sem autorização de remoção automática,,/home/vinicius-alves/viny-brain-backups/Conexoes Obsidian/Onda 1 - 2026-08-06
00 - Mapas/MOC - Tutoriais StayCloud.md,MOC ou mapa,17 - Viny Flow/01 - Agentes/Agente Segurança.md,agente,NAVEGAÇÃO,0.82,Agentes,manter,item listado em MOC/índice,baixo,manter,Agente Governança do Viny Brain,não,preserved,preservado por ser link forte/navegação/rastreabilidade ou sem autorização de remoção automática,,/home/vinicius-alves/viny-brain-backups/Conexoes Obsidian/Onda 1 - 2026-08-06
00 - Mapas/MOC - Tutoriais StayCloud.md,MOC ou mapa,17 - Viny Flow/01 - Agentes/Agente Auditor.md,agente,NAVEGAÇÃO,0.82,Agentes,manter,item listado em MOC/índice,baixo,manter,Agente Governança do Viny Brain,não,preserved,preservado por ser link forte/navegação/rastreabilidade ou sem autorização de remoção automática,,/home/vinicius-alves/viny-brain-backups/Conexoes Obsidian/Onda 1 - 2026-08-06
00 - Mapas/MOC - Tutoriais StayCloud.md,MOC ou mapa,17 - Viny Flow/01 - Agentes/Agente Governança do Viny Brain.md,agente,NAVEGAÇÃO,0.82,Agentes,manter,item listado em MOC/índice,baixo,manter,Agente Governança do Viny Brain,não,preserved,preservado por ser link forte/navegação/rastreabilidade ou sem autorização de remoção automática,,/home/vinicius-alves/viny-brain-backups/Conexoes Obsidian/Onda 1 - 2026-08-06
00 - Mapas/MOC - Tutoriais StayCloud.md,MOC ou mapa,17 - Viny Flow/01 - Agentes/Agente Memoria e Checkpoint.md,checkpoint,NAVEGAÇÃO,0.82,Agentes,manter,item listado em MOC/índice,baixo,manter,Agente Governança do Viny Brain,não,preserved,preservado por ser link forte/navegação/rastreabilidade ou sem autorização de remoção automática,,/home/vinicius-alves/viny-brain-backups/Conexoes Obsidian/Onda 1 - 2026-08-06
00 - Mapas/MOC - Tutoriais StayCloud.md,MOC ou mapa,03 - Tutoriais/Produção em Lote/Painel Novo/Fila de Produção - Painel Novo.md,classificação incerta,NAVEGAÇÃO,0.82,Produção,manter,item listado em MOC/índice,baixo,manter,Agente Governança do Viny Brain,não,preserved,preservado por ser link forte/navegação/rastreabilidade ou sem autorização de remoção automática,,/home/vinicius-alves/viny-brain-backups/Conexoes Obsidian/Onda 1 - 2026-08-06
00 - Mapas/MOC - Tutoriais StayCloud.md,MOC ou mapa,03 - Tutoriais/Produção em Lote/Painel Novo/Tutoriais Corretos V2/00 - BACKLOG DE IDEIAS.md,demanda,NAVEGAÇÃO,0.82,Produção,manter,item listado em MOC/índice,baixo,manter,Agente Governança do Viny Brain,não,preserved,preservado por ser link forte/navegação/rastreabilidade ou sem autorização de remoção automática,,/home/vinicius-alves/viny-brain-backups/Conexoes Obsidian/Onda 1 - 2026-08-06
00 - Mapas/MOC - Tutoriais StayCloud.md,MOC ou mapa,03 - Tutoriais/Produção em Lote/Painel Novo/Tutoriais Corretos V2/00 - ÍNDICE DOS TUTORIAIS.md,índice,NAVEGAÇÃO,0.82,Produção,manter,item listado em MOC/índice,baixo,manter,Agente Governança do Viny Brain,não,preserved,preservado por ser link forte/navegação/rastreabilidade ou sem autorização de remoção automática,,/home/vinicius-alves/viny-brain-backups/Conexoes Obsidian/Onda 1 - 2026-08-06
00 - Mapas/MOC - Tutoriais StayCloud.md,MOC ou mapa,03 - Tutoriais/Produção em Lote/Painel Novo/Tutoriais Corretos V2/00 - README - PADRÃO OFICIAL.md,classificação incerta,NAVEGAÇÃO,0.82,Produção,manter,item listado em MOC/índice,baixo,manter,Agente Governança do Viny Brain,não,preserved,preservado por ser link forte/navegação/rastreabilidade ou sem autorização de remoção automática,,/home/vinicius-alves/viny-brain-backups/Conexoes Obsidian/Onda 1 - 2026-08-06
00 - Mapas/MOC - Tutoriais StayCloud.md,MOC ou mapa,03 - Tutoriais/Produção em Lote/Painel Novo/Tutoriais Corretos V2/_VALIDAÇÕES GERAIS/Auditoria de Temas Novos e Duplicações.md,relatório,NAVEGAÇÃO,0.82,Produção,manter,item listado em MOC/índice,baixo,manter,Agente Governança do Viny Brain,não,preserved,preservado por ser link forte/navegação/rastreabilidade ou sem autorização de remoção automática,,/home/vinicius-alves/viny-brain-backups/Conexoes Obsidian/Onda 1 - 2026-08-06
00 - Mapas/MOC - Tutoriais StayCloud.md,MOC ou mapa,03 - Tutoriais/Produção em Lote/Painel Novo/Tutoriais Corretos V2/_VALIDAÇÕES GERAIS/Auditoria de Tutoriais do Deploy.md,relatório,NAVEGAÇÃO,0.82,Produção,manter,item listado em MOC/índice,baixo,manter,Agente Governança do Viny Brain,não,preserved,preservado por ser link forte/navegação/rastreabilidade ou sem autorização de remoção automática,,/home/vinicius-alves/viny-brain-backups/Conexoes Obsidian/Onda 1 - 2026-08-06
00 - Mapas/MOC - Tutoriais StayCloud.md,MOC ou mapa,14 - Histórico Codex/Checkpoint Atual.md,checkpoint,NAVEGAÇÃO,0.82,Gestão,manter,item listado em MOC/índice,baixo,manter,Agente Governança do Viny Brain,não,preserved,preservado por ser link forte/navegação/rastreabilidade ou sem autorização de remoção automática,,/home/vinicius-alves/viny-brain-backups/Conexoes Obsidian/Onda 1 - 2026-08-06
00 - Mapas/MOC - Tutoriais StayCloud.md,MOC ou mapa,14 - Histórico Codex/Sessões/Sessão - Auditoria Geral dos Tutoriais e Obsidian - 2026-07-28.md,histórico,NAVEGAÇÃO,0.82,Gestão,manter,item listado em MOC/índice,baixo,manter,Agente Governança do Viny Brain,não,preserved,preservado por ser link forte/navegação/rastreabilidade ou sem autorização de remoção automática,,/home/vinicius-alves/viny-brain-backups/Conexoes Obsidian/Onda 1 - 2026-08-06
00 - Mapas/MOC - Tutoriais StayCloud.md,MOC ou mapa,06 - Relatórios/Auditoria Geral - Tutoriais StayCloud e Conexões do Obsidian - 2026-07-28.md,relatório,NAVEGAÇÃO,0.82,Gestão,manter,item listado em MOC/índice,baixo,manter,Agente Governança do Viny Brain,não,preserved,preservado por ser link forte/navegação/rastreabilidade ou sem autorização de remoção automática,,/home/vinicius-alves/viny-brain-backups/Conexoes Obsidian/Onda 1 - 2026-08-06
00 - Mapas/MOC - Tutoriais StayCloud.md,MOC ou mapa,17 - Viny Flow/03 - Comandos/Comandos Reutilizáveis.md,comando,NAVEGAÇÃO,0.82,Comandos,manter,item listado em MOC/índice,baixo,manter,Agente Governança do Viny Brain,não,preserved,preservado por ser link forte/navegação/rastreabilidade ou sem autorização de remoção automática,,/home/vinicius-alves/viny-brain-backups/Conexoes Obsidian/Onda 1 - 2026-08-06
00 - Mapas/MOC - Tutoriais StayCloud.md,MOC ou mapa,17 - Viny Flow/03 - Comandos/Comandos Reutilizáveis.md,comando,REDUNDANTE,0.95,Comandos,sugerir revisão/limpeza,link duplicado dentro da mesma nota,baixo,consolidar link duplicado,Agente Governança do Viny Brain,sim,needs_review,abaixo do limite de confiança automática ou depende de avaliação semântica humana,,/home/vinicius-alves/viny-brain-backups/Conexoes Obsidian/Onda 1 - 2026-08-06
00 - Mapas/MOC - Tutoriais StayCloud.md,MOC ou mapa,17 - Viny Flow/03 - Comandos/Comandos Reutilizáveis.md,comando,REDUNDANTE,0.95,Comandos,sugerir revisão/limpeza,link duplicado dentro da mesma nota,baixo,consolidar link duplicado,Agente Governança do Viny Brain,sim,needs_review,abaixo do limite de confiança automática ou depende de avaliação semântica humana,,/home/vinicius-alves/viny-brain-backups/Conexoes Obsidian/Onda 1 - 2026-08-06
00 - Mapas/MOC - Tutoriais StayCloud.md,MOC ou mapa,17 - Viny Flow/03 - Comandos/Comandos Reutilizáveis.md,comando,REDUNDANTE,0.95,Comandos,sugerir revisão/limpeza,link duplicado dentro da mesma nota,baixo,consolidar link duplicado,Agente Governança do Viny Brain,sim,needs_review,abaixo do limite de confiança automática ou depende de avaliação semântica humana,,/home/vinicius-alves/viny-brain-backups/Conexoes Obsidian/Onda 1 - 2026-08-06
00 - Mapas/MOC - Tutoriais StayCloud.md,MOC ou mapa,17 - Viny Flow/03 - Comandos/Comandos Reutilizáveis.md,comando,REDUNDANTE,0.95,Comandos,sugerir revisão/limpeza,link duplicado dentro da mesma nota,baixo,consolidar link duplicado,Agente Governança do Viny Brain,sim,needs_review,abaixo do limite de confiança automática ou depende de avaliação semântica humana,,/home/vinicius-alves/viny-brain-backups/Conexoes Obsidian/Onda 1 - 2026-08-06
00 - Mapas/MOC - Tutoriais StayCloud.md,MOC ou mapa,17 - Viny Flow/03 - Comandos/Comandos Reutilizáveis.md,comando,REDUNDANTE,0.95,Comandos,sugerir revisão/limpeza,link duplicado dentro da mesma nota,baixo,consolidar link duplicado,Agente Governança do Viny Brain,sim,needs_review,abaixo do limite de confiança automática ou depende de avaliação semântica humana,,/home/vinicius-alves/viny-brain-backups/Conexoes Obsidian/Onda 1 - 2026-08-06
00 - Mapas/MOC - Tutoriais StayCloud.md,MOC ou mapa,17 - Viny Flow/03 - Comandos/Comandos Reutilizáveis.md,comando,REDUNDANTE,0.95,Comandos,sugerir revisão/limpeza,link duplicado dentro da mesma nota,baixo,consolidar link duplicado,Agente Governança do Viny Brain,sim,needs_review,abaixo do limite de confiança automática ou depende de avaliação semântica humana,,/home/vinicius-alves/viny-brain-backups/Conexoes Obsidian/Onda 1 - 2026-08-06
00 - Mapas/MOC - Tutoriais StayCloud.md,MOC ou mapa,17 - Viny Flow/03 - Comandos/Comandos Reutilizáveis.md,comando,REDUNDANTE,0.95,Comandos,sugerir revisão/limpeza,link duplicado dentro da mesma nota,baixo,consolidar link duplicado,Agente Governança do Viny Brain,sim,needs_review,abaixo do limite de confiança automática ou depende de avaliação semântica humana,,/home/vinicius-alves/viny-brain-backups/Conexoes Obsidian/Onda 1 - 2026-08-06
00 - Mapas/MOC - Viny Brain.md,MOC ou mapa,00 - Mapas/Painel Operacional - Viny Brain.md,MOC ou mapa,NAVEGAÇÃO,0.82,Entrada principal,manter,item listado em MOC/índice,baixo,manter,Agente Governança do Viny Brain,não,preserved,preservado por ser link forte/navegação/rastreabilidade ou sem autorização de remoção automática,,/home/vinicius-alves/viny-brain-backups/Conexoes Obsidian/Onda 1 - 2026-08-06
00 - Mapas/MOC - Viny Brain.md,MOC ou mapa,Home.md,classificação incerta,GENÉRICA,0.55,Entrada principal,sugerir revisão/limpeza,MOC/índice aponta para área distante; precisa validar escopo,médio,revisar manualmente,Agente Governança do Viny Brain,sim,needs_review,abaixo do limite de confiança automática ou depende de avaliação semântica humana,,/home/vinicius-alves/viny-brain-backups/Conexoes Obsidian/Onda 1 - 2026-08-06
00 - Mapas/MOC - Viny Brain.md,MOC ou mapa,00 - Mapas/MOC - Codex.md,MOC ou mapa,NAVEGAÇÃO,0.82,Mapas principais,manter,item listado em MOC/índice,baixo,manter,Agente Governança do Viny Brain,não,preserved,preservado por ser link forte/navegação/rastreabilidade ou sem autorização de remoção automática,,/home/vinicius-alves/viny-brain-backups/Conexoes Obsidian/Onda 1 - 2026-08-06
00 - Mapas/MOC - Viny Brain.md,MOC ou mapa,00 - Mapas/MOC - Tutoriais StayCloud.md,MOC ou mapa,NAVEGAÇÃO,0.82,Mapas principais,manter,item listado em MOC/índice,baixo,manter,Agente Governança do Viny Brain,não,preserved,preservado por ser link forte/navegação/rastreabilidade ou sem autorização de remoção automática,,/home/vinicius-alves/viny-brain-backups/Conexoes Obsidian/Onda 1 - 2026-08-06
00 - Mapas/MOC - Viny Brain.md,MOC ou mapa,14 - Histórico Codex/Checkpoint Atual.md,checkpoint,NAVEGAÇÃO,0.82,Continuidade,manter,item listado em MOC/índice,baixo,manter,Agente Governança do Viny Brain,não,preserved,preservado por ser link forte/navegação/rastreabilidade ou sem autorização de remoção automática,,/home/vinicius-alves/viny-brain-backups/Conexoes Obsidian/Onda 1 - 2026-08-06
00 - Mapas/MOC - Viny Brain.md,MOC ou mapa,14 - Histórico Codex/Sessões/2026-07-02.md,histórico,NAVEGAÇÃO,0.82,Continuidade,manter,item listado em MOC/índice,baixo,manter,Agente Governança do Viny Brain,não,preserved,preservado por ser link forte/navegação/rastreabilidade ou sem autorização de remoção automática,,/home/vinicius-alves/viny-brain-backups/Conexoes Obsidian/Onda 1 - 2026-08-06
00 - Mapas/MOC - Viny Brain.md,MOC ou mapa,14 - Histórico Codex/Status Operacional.md,histórico,NAVEGAÇÃO,0.82,Continuidade,manter,item listado em MOC/índice,baixo,manter,Agente Governança do Viny Brain,não,preserved,preservado por ser link forte/navegação/rastreabilidade ou sem autorização de remoção automática,,/home/vinicius-alves/viny-brain-backups/Conexoes Obsidian/Onda 1 - 2026-08-06
00 - Mapas/MOC - Viny Brain.md,MOC ou mapa,17 - Viny Flow/README.md,processo,NAVEGAÇÃO,0.82,Viny Flow,manter,item listado em MOC/índice,baixo,manter,Agente Governança do Viny Brain,não,preserved,preservado por ser link forte/navegação/rastreabilidade ou sem autorização de remoção automática,,/home/vinicius-alves/viny-brain-backups/Conexoes Obsidian/Onda 1 - 2026-08-06
00 - Mapas/MOC - Viny Brain.md,MOC ou mapa,17 - Viny Flow/01 - Agentes/Mapa de Agentes.md,MOC ou mapa,NAVEGAÇÃO,0.82,Viny Flow,manter,item listado em MOC/índice,baixo,manter,Agente Governança do Viny Brain,não,preserved,preservado por ser link forte/navegação/rastreabilidade ou sem autorização de remoção automática,,/home/vinicius-alves/viny-brain-backups/Conexoes Obsidian/Onda 1 - 2026-08-06
00 - Mapas/MOC - Viny Brain.md,MOC ou mapa,17 - Viny Flow/01 - Agentes/Agente UI UX Experience.md,agente,NAVEGAÇÃO,0.82,Viny Flow,manter,item listado em MOC/índice,baixo,manter,Agente Governança do Viny Brain,não,preserved,preservado por ser link forte/navegação/rastreabilidade ou sem autorização de remoção automática,,/home/vinicius-alves/viny-brain-backups/Conexoes Obsidian/Onda 1 - 2026-08-06
00 - Mapas/MOC - Viny Brain.md,MOC ou mapa,17 - Viny Flow/01 - Agentes/Agente Governança do Viny Brain.md,agente,NAVEGAÇÃO,0.82,Viny Flow,manter,item listado em MOC/índice,baixo,manter,Agente Governança do Viny Brain,não,preserved,preservado por ser link forte/navegação/rastreabilidade ou sem autorização de remoção automática,,/home/vinicius-alves/viny-brain-backups/Conexoes Obsidian/Onda 1 - 2026-08-06
00 - Mapas/MOC - Viny Brain.md,MOC ou mapa,17 - Viny Flow/02 - Workflows/Mapa de Workflows.md,MOC ou mapa,NAVEGAÇÃO,0.82,Viny Flow,manter,item listado em MOC/índice,baixo,manter,Agente Governança do Viny Brain,não,preserved,preservado por ser link forte/navegação/rastreabilidade ou sem autorização de remoção automática,,/home/vinicius-alves/viny-brain-backups/Conexoes Obsidian/Onda 1 - 2026-08-06
00 - Mapas/MOC - Viny Brain.md,MOC ou mapa,17 - Viny Flow/02 - Workflows/Auditar Governança do Viny Brain.md,workflow,NAVEGAÇÃO,0.82,Viny Flow,manter,item listado em MOC/índice,baixo,manter,Agente Governança do Viny Brain,não,preserved,preservado por ser link forte/navegação/rastreabilidade ou sem autorização de remoção automática,,/home/vinicius-alves/viny-brain-backups/Conexoes Obsidian/Onda 1 - 2026-08-06
00 - Mapas/MOC - Viny Brain.md,MOC ou mapa,17 - Viny Flow/03 - Comandos/Comandos Reutilizáveis.md,comando,NAVEGAÇÃO,0.82,Viny Flow,manter,item listado em MOC/índice,baixo,manter,Agente Governança do Viny Brain,não,preserved,preservado por ser link forte/navegação/rastreabilidade ou sem autorização de remoção automática,,/home/vinicius-alves/viny-brain-backups/Conexoes Obsidian/Onda 1 - 2026-08-06
00 - Mapas/MOC - Viny Brain.md,MOC ou mapa,17 - Viny Flow/03 - Comandos/Comandos Reutilizáveis.md,comando,REDUNDANTE,0.95,Viny Flow,sugerir revisão/limpeza,link duplicado dentro da mesma nota,baixo,consolidar link duplicado,Agente Governança do Viny Brain,sim,needs_review,abaixo do limite de confiança automática ou depende de avaliação semântica humana,,/home/vinicius-alves/viny-brain-backups/Conexoes Obsidian/Onda 1 - 2026-08-06
00 - Mapas/MOC - Viny Brain.md,MOC ou mapa,17 - Viny Flow/05 - Inteligência do Cérebro/README.md,processo,NAVEGAÇÃO,0.82,Viny Flow,manter,item listado em MOC/índice,baixo,manter,Agente Governança do Viny Brain,não,preserved,preservado por ser link forte/navegação/rastreabilidade ou sem autorização de remoção automática,,/home/vinicius-alves/viny-brain-backups/Conexoes Obsidian/Onda 1 - 2026-08-06
00 - Mapas/MOC - Viny Brain.md,MOC ou mapa,17 - Viny Flow/06 - Auditorias de Governança/README.md,relatório,NAVEGAÇÃO,0.82,Viny Flow,manter,item listado em MOC/índice,baixo,manter,Agente Governança do Viny Brain,não,preserved,preservado por ser link forte/navegação/rastreabilidade ou sem autorização de remoção automática,,/home/vinicius-alves/viny-brain-backups/Conexoes Obsidian/Onda 1 - 2026-08-06
00 - Mapas/MOC - Viny Brain.md,MOC ou mapa,18 - Integrações/README.md,integração,GENÉRICA,0.55,Integrações,sugerir revisão/limpeza,MOC/índice aponta para área distante; precisa validar escopo,médio,revisar manualmente,Agente Governança do Viny Brain,sim,needs_review,abaixo do limite de confiança automática ou depende de avaliação semântica humana,,/home/vinicius-alves/viny-brain-backups/Conexoes Obsidian/Onda 1 - 2026-08-06
00 - Mapas/MOC - Viny Brain.md,MOC ou mapa,18 - Integrações/Plano de Integração - Notion e ClickUp.md,integração,GENÉRICA,0.55,Integrações,sugerir revisão/limpeza,MOC/índice aponta para área distante; precisa validar escopo,médio,revisar manualmente,Agente Governança do Viny Brain,sim,needs_review,abaixo do limite de confiança automática ou depende de avaliação semântica humana,,/home/vinicius-alves/viny-brain-backups/Conexoes Obsidian/Onda 1 - 2026-08-06
00 - Mapas/MOC - Viny Brain.md,MOC ou mapa,18 - Integrações/Mapeamento de Dados.md,integração,GENÉRICA,0.55,Integrações,sugerir revisão/limpeza,MOC/índice aponta para área distante; precisa validar escopo,médio,revisar manualmente,Agente Governança do Viny Brain,sim,needs_review,abaixo do limite de confiança automática ou depende de avaliação semântica humana,,/home/vinicius-alves/viny-brain-backups/Conexoes Obsidian/Onda 1 - 2026-08-06
00 - Mapas/MOC - Viny Brain.md,MOC ou mapa,18 - Integrações/Regras de Segurança - Integrações.md,integração,GENÉRICA,0.55,Integrações,sugerir revisão/limpeza,MOC/índice aponta para área distante; precisa validar escopo,médio,revisar manualmente,Agente Governança do Viny Brain,sim,needs_review,abaixo do limite de confiança automática ou depende de avaliação semântica humana,,/home/vinicius-alves/viny-brain-backups/Conexoes Obsidian/Onda 1 - 2026-08-06
00 - Mapas/MOC - Viny Brain.md,MOC ou mapa,18 - Integrações/Decisões - Integrações.md,decisão,GENÉRICA,0.55,Integrações,sugerir revisão/limpeza,MOC/índice aponta para área distante; precisa validar escopo,médio,revisar manualmente,Agente Governança do Viny Brain,sim,needs_review,abaixo do limite de confiança automática ou depende de avaliação semântica humana,,/home/vinicius-alves/viny-brain-backups/Conexoes Obsidian/Onda 1 - 2026-08-06
00 - Mapas/MOC - Viny Brain.md,MOC ou mapa,13 - Base de Conhecimento/00 - Índice/Índice Geral.md,índice,NAVEGAÇÃO,0.82,Base de Conhecimento,manter,item listado em MOC/índice,baixo,manter,Agente Governança do Viny Brain,não,preserved,preservado por ser link forte/navegação/rastreabilidade ou sem autorização de remoção automática,,/home/vinicius-alves/viny-brain-backups/Conexoes Obsidian/Onda 1 - 2026-08-06
00 - Mapas/MOC - Viny Brain.md,MOC ou mapa,13 - Base de Conhecimento/00 - Índice/Mapa por Temas.md,MOC ou mapa,NAVEGAÇÃO,0.82,Base de Conhecimento,manter,item listado em MOC/índice,baixo,manter,Agente Governança do Viny Brain,não,preserved,preservado por ser link forte/navegação/rastreabilidade ou sem autorização de remoção automática,,/home/vinicius-alves/viny-brain-backups/Conexoes Obsidian/Onda 1 - 2026-08-06
00 - Mapas/MOC - Viny Brain.md,MOC ou mapa,00 - Mapas/MOC - Tutoriais StayCloud.md,MOC ou mapa,REDUNDANTE,0.95,Tutoriais StayCloud,sugerir revisão/limpeza,link duplicado dentro da mesma nota,baixo,consolidar link duplicado,Agente Governança do Viny Brain,sim,needs_review,abaixo do limite de confiança automática ou depende de avaliação semântica humana,,/home/vinicius-alves/viny-brain-backups/Conexoes Obsidian/Onda 1 - 2026-08-06
00 - Mapas/MOC - Viny Brain.md,MOC ou mapa,03 - Tutoriais/Modo Tutorial StayCloud.md,tutorial,NAVEGAÇÃO,0.82,Tutoriais StayCloud,manter,item listado em MOC/índice,baixo,manter,Agente Governança do Viny Brain,não,preserved,preservado por ser link forte/navegação/rastreabilidade ou sem autorização de remoção automática,,/home/vinicius-alves/viny-brain-backups/Conexoes Obsidian/Onda 1 - 2026-08-06
00 - Mapas/MOC - Viny Brain.md,MOC ou mapa,03 - Tutoriais/Padrão de Prints StayCloud.md,arquivo de apoio,NAVEGAÇÃO,0.82,Tutoriais StayCloud,manter,item listado em MOC/índice,baixo,manter,Agente Governança do Viny Brain,não,preserved,preservado por ser link forte/navegação/rastreabilidade ou sem autorização de remoção automática,,/home/vinicius-alves/viny-brain-backups/Conexoes Obsidian/Onda 1 - 2026-08-06
00 - Mapas/MOC - Viny Brain.md,MOC ou mapa,03 - Tutoriais/Checklist SEO Rank Math StayCloud.md,classificação incerta,NAVEGAÇÃO,0.82,Tutoriais StayCloud,manter,item listado em MOC/índice,baixo,manter,Agente Governança do Viny Brain,não,preserved,preservado por ser link forte/navegação/rastreabilidade ou sem autorização de remoção automática,,/home/vinicius-alves/viny-brain-backups/Conexoes Obsidian/Onda 1 - 2026-08-06
00 - Mapas/MOC - Viny Brain.md,MOC ou mapa,03 - Tutoriais/Checklist UI UX - Tutorial StayCloud.md,tutorial,NAVEGAÇÃO,0.82,Tutoriais StayCloud,manter,item listado em MOC/índice,baixo,manter,Agente Governança do Viny Brain,não,preserved,preservado por ser link forte/navegação/rastreabilidade ou sem autorização de remoção automática,,/home/vinicius-alves/viny-brain-backups/Conexoes Obsidian/Onda 1 - 2026-08-06
00 - Mapas/MOC - Viny Brain.md,MOC ou mapa,03 - Tutoriais/Checklist Final - Revisão antes do WordPress.md,tutorial,NAVEGAÇÃO,0.82,Tutoriais StayCloud,manter,item listado em MOC/índice,baixo,manter,Agente Governança do Viny Brain,não,preserved,preservado por ser link forte/navegação/rastreabilidade ou sem autorização de remoção automática,,/home/vinicius-alves/viny-brain-backups/Conexoes Obsidian/Onda 1 - 2026-08-06
00 - Mapas/MOC - Viny Brain.md,MOC ou mapa,03 - Tutoriais/Fluxo Oficial - Criação e Publicação de Tutorial StayCloud.md,tutorial,NAVEGAÇÃO,0.82,Tutoriais StayCloud,manter,item listado em MOC/índice,baixo,manter,Agente Governança do Viny Brain,não,preserved,preservado por ser link forte/navegação/rastreabilidade ou sem autorização de remoção automática,,/home/vinicius-alves/viny-brain-backups/Conexoes Obsidian/Onda 1 - 2026-08-06
00 - Mapas/MOC - Viny Brain.md,MOC ou mapa,03 - Tutoriais/Produção em Lote/Painel Novo/Fila de Produção - Painel Novo.md,classificação incerta,NAVEGAÇÃO,0.82,Tutoriais StayCloud,manter,item listado em MOC/índice,baixo,manter,Agente Governança do Viny Brain,não,preserved,preservado por ser link forte/navegação/rastreabilidade ou sem autorização de remoção automática,,/home/vinicius-alves/viny-brain-backups/Conexoes Obsidian/Onda 1 - 2026-08-06
00 - Mapas/MOC - Viny Brain.md,MOC ou mapa,03 - Tutoriais/Produção em Lote/Painel Novo/Tutoriais Corretos V2/00 - ÍNDICE DOS TUTORIAIS.md,índice,NAVEGAÇÃO,0.82,Tutoriais StayCloud,manter,item listado em MOC/índice,baixo,manter,Agente Governança do Viny Brain,não,preserved,preservado por ser link forte/navegação/rastreabilidade ou sem autorização de remoção automática,,/home/vinicius-alves/viny-brain-backups/Conexoes Obsidian/Onda 1 - 2026-08-06
00 - Mapas/MOC - Viny Brain.md,MOC ou mapa,15 - Cursos e Estudos/SINAPSE T03/README.md,estudo,GENÉRICA,0.55,Estudos e Ferramentas,sugerir revisão/limpeza,MOC/índice aponta para área distante; precisa validar escopo,médio,revisar manualmente,Agente Governança do Viny Brain,sim,needs_review,abaixo do limite de confiança automática ou depende de avaliação semântica humana,,/home/vinicius-alves/viny-brain-backups/Conexoes Obsidian/Onda 1 - 2026-08-06
00 - Mapas/MOC - Viny Brain.md,MOC ou mapa,16 - Estudos e Ferramentas/Ruflo/Diagnóstico - Ruflo.md,estudo,GENÉRICA,0.55,Estudos e Ferramentas,sugerir revisão/limpeza,MOC/índice aponta para área distante; precisa validar escopo,médio,revisar manualmente,Agente Governança do Viny Brain,sim,needs_review,abaixo do limite de confiança automática ou depende de avaliação semântica humana,,/home/vinicius-alves/viny-brain-backups/Conexoes Obsidian/Onda 1 - 2026-08-06
00 - Mapas/MOC - Viny Brain.md,MOC ou mapa,16 - Estudos e Ferramentas/ECC/Diagnóstico - ECC.md,estudo,GENÉRICA,0.55,Estudos e Ferramentas,sugerir revisão/limpeza,MOC/índice aponta para área distante; precisa validar escopo,médio,revisar manualmente,Agente Governança do Viny Brain,sim,needs_review,abaixo do limite de confiança automática ou depende de avaliação semântica humana,,/home/vinicius-alves/viny-brain-backups/Conexoes Obsidian/Onda 1 - 2026-08-06
00 - Mapas/MOC - Viny Brain.md,MOC ou mapa,04 - Gestão/Equipe.md,classificação incerta,GENÉRICA,0.55,Áreas de trabalho,sugerir revisão/limpeza,MOC/índice aponta para área distante; precisa validar escopo,médio,revisar manualmente,Agente Governança do Viny Brain,sim,needs_review,abaixo do limite de confiança automática ou depende de avaliação semântica humana,,/home/vinicius-alves/viny-brain-backups/Conexoes Obsidian/Onda 1 - 2026-08-06
00 - Mapas/MOC - Viny Brain.md,MOC ou mapa,04 - Gestão/Daily e Weekly.md,reunião,GENÉRICA,0.55,Áreas de trabalho,sugerir revisão/limpeza,MOC/índice aponta para área distante; precisa validar escopo,médio,revisar manualmente,Agente Governança do Viny Brain,sim,needs_review,abaixo do limite de confiança automática ou depende de avaliação semântica humana,,/home/vinicius-alves/viny-brain-backups/Conexoes Obsidian/Onda 1 - 2026-08-06
00 - Mapas/MOC - Viny Brain.md,MOC ou mapa,19 - Reuniões/00 - Índice de Reuniões.md,índice,GENÉRICA,0.55,Áreas de trabalho,sugerir revisão/limpeza,MOC/índice aponta para área distante; precisa validar escopo,médio,revisar manualmente,Agente Governança do Viny Brain,sim,needs_review,abaixo do limite de confiança automática ou depende de avaliação semântica humana,,/home/vinicius-alves/viny-brain-backups/Conexoes Obsidian/Onda 1 - 2026-08-06
00 - Mapas/MOC - Viny Brain.md,MOC ou mapa,05 - Processo Seletivo/Mensagens candidatos.md,processo,GENÉRICA,0.55,Áreas de trabalho,sugerir revisão/limpeza,MOC/índice aponta para área distante; precisa validar escopo,médio,revisar manualmente,Agente Governança do Viny Brain,sim,needs_review,abaixo do limite de confiança automática ou depende de avaliação semântica humana,,/home/vinicius-alves/viny-brain-backups/Conexoes Obsidian/Onda 1 - 2026-08-06
00 - Mapas/MOC - Viny Brain.md,MOC ou mapa,06 - Relatórios/Modelos coordenação.md,template,GENÉRICA,0.55,Áreas de trabalho,sugerir revisão/limpeza,MOC/índice aponta para área distante; precisa validar escopo,médio,revisar manualmente,Agente Governança do Viny Brain,sim,needs_review,abaixo do limite de confiança automática ou depende de avaliação semântica humana,,/home/vinicius-alves/viny-brain-backups/Conexoes Obsidian/Onda 1 - 2026-08-06
00 - Mapas/MOC - Viny Brain.md,MOC ou mapa,08 - Codex/Prompt Mestre.md,classificação incerta,NAVEGAÇÃO,0.82,Áreas de trabalho,manter,item listado em MOC/índice,baixo,manter,Agente Governança do Viny Brain,não,preserved,preservado por ser link forte/navegação/rastreabilidade ou sem autorização de remoção automática,,/home/vinicius-alves/viny-brain-backups/Conexoes Obsidian/Onda 1 - 2026-08-06
00 - Mapas/MOC - Viny Brain.md,MOC ou mapa,08 - Codex/Prompt de Inicialização.md,classificação incerta,NAVEGAÇÃO,0.82,Áreas de trabalho,manter,item listado em MOC/índice,baixo,manter,Agente Governança do Viny Brain,não,preserved,preservado por ser link forte/navegação/rastreabilidade ou sem autorização de remoção automática,,/home/vinicius-alves/viny-brain-backups/Conexoes Obsidian/Onda 1 - 2026-08-06
00 - Mapas/MOC - Viny Brain.md,MOC ou mapa,08 - Codex/Contexto do Trabalho.md,classificação incerta,NAVEGAÇÃO,0.82,Áreas de trabalho,manter,item listado em MOC/índice,baixo,manter,Agente Governança do Viny Brain,não,preserved,preservado por ser link forte/navegação/rastreabilidade ou sem autorização de remoção automática,,/home/vinicius-alves/viny-brain-backups/Conexoes Obsidian/Onda 1 - 2026-08-06
00 - Mapas/MOC - Viny Brain.md,MOC ou mapa,08 - Codex/Regras do Codex.md,classificação incerta,NAVEGAÇÃO,0.82,Áreas de trabalho,manter,item listado em MOC/índice,baixo,manter,Agente Governança do Viny Brain,não,preserved,preservado por ser link forte/navegação/rastreabilidade ou sem autorização de remoção automática,,/home/vinicius-alves/viny-brain-backups/Conexoes Obsidian/Onda 1 - 2026-08-06
00 - Mapas/Painel Operacional - Viny Brain.md,MOC ou mapa,14 - Histórico Codex/Checkpoint Atual.md,checkpoint,NAVEGAÇÃO,0.82,Estado atual,manter,item listado em MOC/índice,baixo,manter,Agente Governança do Viny Brain,não,preserved,preservado por ser link forte/navegação/rastreabilidade ou sem autorização de remoção automática,,/home/vinicius-alves/viny-brain-backups/Conexoes Obsidian/Onda 1 - 2026-08-06
00 - Mapas/Painel Operacional - Viny Brain.md,MOC ou mapa,14 - Histórico Codex/Sessões/2026-07-02.md,histórico,NAVEGAÇÃO,0.82,Estado atual,manter,item listado em MOC/índice,baixo,manter,Agente Governança do Viny Brain,não,preserved,preservado por ser link forte/navegação/rastreabilidade ou sem autorização de remoção automática,,/home/vinicius-alves/viny-brain-backups/Conexoes Obsidian/Onda 1 - 2026-08-06
00 - Mapas/Painel Operacional - Viny Brain.md,MOC ou mapa,17 - Viny Flow/README.md,processo,NAVEGAÇÃO,0.82,Estado atual,manter,item listado em MOC/índice,baixo,manter,Agente Governança do Viny Brain,não,preserved,preservado por ser link forte/navegação/rastreabilidade ou sem autorização de remoção automática,,/home/vinicius-alves/viny-brain-backups/Conexoes Obsidian/Onda 1 - 2026-08-06
00 - Mapas/Painel Operacional - Viny Brain.md,MOC ou mapa,13 - Base de Conhecimento/00 - Índice/Índice Geral.md,índice,NAVEGAÇÃO,0.82,Estado atual,manter,item listado em MOC/índice,baixo,manter,Agente Governança do Viny Brain,não,preserved,preservado por ser link forte/navegação/rastreabilidade ou sem autorização de remoção automática,,/home/vinicius-alves/viny-brain-backups/Conexoes Obsidian/Onda 1 - 2026-08-06
00 - Mapas/Painel Operacional - Viny Brain.md,MOC ou mapa,03 - Tutoriais/Modo Tutorial StayCloud.md,tutorial,NAVEGAÇÃO,0.82,Estado atual,manter,item listado em MOC/índice,baixo,manter,Agente Governança do Viny Brain,não,preserved,preservado por ser link forte/navegação/rastreabilidade ou sem autorização de remoção automática,,/home/vinicius-alves/viny-brain-backups/Conexoes Obsidian/Onda 1 - 2026-08-06
00 - Mapas/Painel Operacional - Viny Brain.md,MOC ou mapa,00 - Mapas/MOC - Tutoriais StayCloud.md,MOC ou mapa,NAVEGAÇÃO,0.82,Estado atual,manter,item listado em MOC/índice,baixo,manter,Agente Governança do Viny Brain,não,preserved,preservado por ser link forte/navegação/rastreabilidade ou sem autorização de remoção automática,,/home/vinicius-alves/viny-brain-backups/Conexoes Obsidian/Onda 1 - 2026-08-06
00 - Mapas/Painel Operacional - Viny Brain.md,MOC ou mapa,16 - Estudos e Ferramentas/ECC/Diagnóstico - ECC.md,estudo,GENÉRICA,0.55,Estado atual,sugerir revisão/limpeza,MOC/índice aponta para área distante; precisa validar escopo,médio,revisar manualmente,Agente Governança do Viny Brain,sim,needs_review,abaixo do limite de confiança automática ou depende de avaliação semântica humana,,/home/vinicius-alves/viny-brain-backups/Conexoes Obsidian/Onda 1 - 2026-08-06
00 - Mapas/Painel Operacional - Viny Brain.md,MOC ou mapa,17 - Viny Flow/05 - Inteligência do Cérebro/README.md,processo,NAVEGAÇÃO,0.82,Estado atual,manter,item listado em MOC/índice,baixo,manter,Agente Governança do Viny Brain,não,preserved,preservado por ser link forte/navegação/rastreabilidade ou sem autorização de remoção automática,,/home/vinicius-alves/viny-brain-backups/Conexoes Obsidian/Onda 1 - 2026-08-06
00 - Mapas/Painel Operacional - Viny Brain.md,MOC ou mapa,17 - Viny Flow/06 - Auditorias de Governança/README.md,relatório,NAVEGAÇÃO,0.82,Estado atual,manter,item listado em MOC/índice,baixo,manter,Agente Governança do Viny Brain,não,preserved,preservado por ser link forte/navegação/rastreabilidade ou sem autorização de remoção automática,,/home/vinicius-alves/viny-brain-backups/Conexoes Obsidian/Onda 1 - 2026-08-06
00 - Mapas/Painel Operacional - Viny Brain.md,MOC ou mapa,19 - Reuniões/02 - Reuniões Formatadas/Weeklies/Weekly - Suporte - 2026-08-03 - 16-18.md,reunião,GENÉRICA,0.55,Próxima ação recomendada,sugerir revisão/limpeza,MOC/índice aponta para área distante; precisa validar escopo,médio,revisar manualmente,Agente Governança do Viny Brain,sim,needs_review,abaixo do limite de confiança automática ou depende de avaliação semântica humana,,/home/vinicius-alves/viny-brain-backups/Conexoes Obsidian/Onda 1 - 2026-08-06
00 - Mapas/Painel Operacional - Viny Brain.md,MOC ou mapa,00 - Mapas/MOC - Codex.md,MOC ou mapa,NAVEGAÇÃO,0.82,Atalhos principais,manter,item listado em MOC/índice,baixo,manter,Agente Governança do Viny Brain,não,preserved,preservado por ser link forte/navegação/rastreabilidade ou sem autorização de remoção automática,,/home/vinicius-alves/viny-brain-backups/Conexoes Obsidian/Onda 1 - 2026-08-06
00 - Mapas/Painel Operacional - Viny Brain.md,MOC ou mapa,17 - Viny Flow/README.md,processo,REDUNDANTE,0.95,Atalhos principais,sugerir revisão/limpeza,link duplicado dentro da mesma nota,baixo,consolidar link duplicado,Agente Governança do Viny Brain,sim,needs_review,abaixo do limite de confiança automática ou depende de avaliação semântica humana,,/home/vinicius-alves/viny-brain-backups/Conexoes Obsidian/Onda 1 - 2026-08-06
00 - Mapas/Painel Operacional - Viny Brain.md,MOC ou mapa,17 - Viny Flow/01 - Agentes/Mapa de Agentes.md,MOC ou mapa,NAVEGAÇÃO,0.82,Atalhos principais,manter,item listado em MOC/índice,baixo,manter,Agente Governança do Viny Brain,não,preserved,preservado por ser link forte/navegação/rastreabilidade ou sem autorização de remoção automática,,/home/vinicius-alves/viny-brain-backups/Conexoes Obsidian/Onda 1 - 2026-08-06
00 - Mapas/Painel Operacional - Viny Brain.md,MOC ou mapa,17 - Viny Flow/01 - Agentes/Agente Governança do Viny Brain.md,agente,NAVEGAÇÃO,0.82,Atalhos principais,manter,item listado em MOC/índice,baixo,manter,Agente Governança do Viny Brain,não,preserved,preservado por ser link forte/navegação/rastreabilidade ou sem autorização de remoção automática,,/home/vinicius-alves/viny-brain-backups/Conexoes Obsidian/Onda 1 - 2026-08-06
00 - Mapas/Painel Operacional - Viny Brain.md,MOC ou mapa,17 - Viny Flow/02 - Workflows/Mapa de Workflows.md,MOC ou mapa,NAVEGAÇÃO,0.82,Atalhos principais,manter,item listado em MOC/índice,baixo,manter,Agente Governança do Viny Brain,não,preserved,preservado por ser link forte/navegação/rastreabilidade ou sem autorização de remoção automática,,/home/vinicius-alves/viny-brain-backups/Conexoes Obsidian/Onda 1 - 2026-08-06
00 - Mapas/Painel Operacional - Viny Brain.md,MOC ou mapa,17 - Viny Flow/02 - Workflows/Auditar Governança do Viny Brain.md,workflow,NAVEGAÇÃO,0.82,Atalhos principais,manter,item listado em MOC/índice,baixo,manter,Agente Governança do Viny Brain,não,preserved,preservado por ser link forte/navegação/rastreabilidade ou sem autorização de remoção automática,,/home/vinicius-alves/viny-brain-backups/Conexoes Obsidian/Onda 1 - 2026-08-06
00 - Mapas/Painel Operacional - Viny Brain.md,MOC ou mapa,17 - Viny Flow/03 - Comandos/Comandos Reutilizáveis.md,comando,NAVEGAÇÃO,0.82,Atalhos principais,manter,item listado em MOC/índice,baixo,manter,Agente Governança do Viny Brain,não,preserved,preservado por ser link forte/navegação/rastreabilidade ou sem autorização de remoção automática,,/home/vinicius-alves/viny-brain-backups/Conexoes Obsidian/Onda 1 - 2026-08-06
00 - Mapas/Painel Operacional - Viny Brain.md,MOC ou mapa,17 - Viny Flow/03 - Comandos/Comandos Reutilizáveis.md,comando,REDUNDANTE,0.95,Atalhos principais,sugerir revisão/limpeza,link duplicado dentro da mesma nota,baixo,consolidar link duplicado,Agente Governança do Viny Brain,sim,needs_review,abaixo do limite de confiança automática ou depende de avaliação semântica humana,,/home/vinicius-alves/viny-brain-backups/Conexoes Obsidian/Onda 1 - 2026-08-06
00 - Mapas/Painel Operacional - Viny Brain.md,MOC ou mapa,19 - Reuniões/00 - Índice de Reuniões.md,índice,GENÉRICA,0.55,Atalhos principais,sugerir revisão/limpeza,MOC/índice aponta para área distante; precisa validar escopo,médio,revisar manualmente,Agente Governança do Viny Brain,sim,needs_review,abaixo do limite de confiança automática ou depende de avaliação semântica humana,,/home/vinicius-alves/viny-brain-backups/Conexoes Obsidian/Onda 1 - 2026-08-06
00 - Mapas/Painel Operacional - Viny Brain.md,MOC ou mapa,13 - Base de Conhecimento/00 - Índice/Índice Geral.md,índice,REDUNDANTE,0.95,Atalhos principais,sugerir revisão/limpeza,link duplicado dentro da mesma nota,baixo,consolidar link duplicado,Agente Governança do Viny Brain,sim,needs_review,abaixo do limite de confiança automática ou depende de avaliação semântica humana,,/home/vinicius-alves/viny-brain-backups/Conexoes Obsidian/Onda 1 - 2026-08-06
00 - Mapas/Painel Operacional - Viny Brain.md,MOC ou mapa,13 - Base de Conhecimento/00 - Índice/Mapa por Temas.md,MOC ou mapa,NAVEGAÇÃO,0.82,Atalhos principais,manter,item listado em MOC/índice,baixo,manter,Agente Governança do Viny Brain,não,preserved,preservado por ser link forte/navegação/rastreabilidade ou sem autorização de remoção automática,,/home/vinicius-alves/viny-brain-backups/Conexoes Obsidian/Onda 1 - 2026-08-06
00 - Mapas/Painel Operacional - Viny Brain.md,MOC ou mapa,17 - Viny Flow/02 - Workflows/Formatar Reunião de Suporte.md,workflow,NAVEGAÇÃO,0.82,Workflows principais,manter,item listado em MOC/índice,baixo,manter,Agente Governança do Viny Brain,não,preserved,preservado por ser link forte/navegação/rastreabilidade ou sem autorização de remoção automática,,/home/vinicius-alves/viny-brain-backups/Conexoes Obsidian/Onda 1 - 2026-08-06
00 - Mapas/Painel Operacional - Viny Brain.md,MOC ou mapa,17 - Viny Flow/02 - Workflows/Criar Tutorial StayCloud.md,workflow,NAVEGAÇÃO,0.82,Workflows principais,manter,item listado em MOC/índice,baixo,manter,Agente Governança do Viny Brain,não,preserved,preservado por ser link forte/navegação/rastreabilidade ou sem autorização de remoção automática,,/home/vinicius-alves/viny-brain-backups/Conexoes Obsidian/Onda 1 - 2026-08-06
00 - Mapas/Painel Operacional - Viny Brain.md,MOC ou mapa,17 - Viny Flow/02 - Workflows/Revisar Tutorial StayCloud.md,workflow,NAVEGAÇÃO,0.82,Workflows principais,manter,item listado em MOC/índice,baixo,manter,Agente Governança do Viny Brain,não,preserved,preservado por ser link forte/navegação/rastreabilidade ou sem autorização de remoção automática,,/home/vinicius-alves/viny-brain-backups/Conexoes Obsidian/Onda 1 - 2026-08-06
00 - Mapas/Painel Operacional - Viny Brain.md,MOC ou mapa,17 - Viny Flow/02 - Workflows/Importar Playbooks.md,workflow,NAVEGAÇÃO,0.82,Workflows principais,manter,item listado em MOC/índice,baixo,manter,Agente Governança do Viny Brain,não,preserved,preservado por ser link forte/navegação/rastreabilidade ou sem autorização de remoção automática,,/home/vinicius-alves/viny-brain-backups/Conexoes Obsidian/Onda 1 - 2026-08-06
00 - Mapas/Painel Operacional - Viny Brain.md,MOC ou mapa,17 - Viny Flow/02 - Workflows/Auditar Playbooks.md,workflow,NAVEGAÇÃO,0.82,Workflows principais,manter,item listado em MOC/índice,baixo,manter,Agente Governança do Viny Brain,não,preserved,preservado por ser link forte/navegação/rastreabilidade ou sem autorização de remoção automática,,/home/vinicius-alves/viny-brain-backups/Conexoes Obsidian/Onda 1 - 2026-08-06
00 - Mapas/Painel Operacional - Viny Brain.md,MOC ou mapa,17 - Viny Flow/02 - Workflows/Criar Relatório.md,workflow,NAVEGAÇÃO,0.82,Workflows principais,manter,item listado em MOC/índice,baixo,manter,Agente Governança do Viny Brain,não,preserved,preservado por ser link forte/navegação/rastreabilidade ou sem autorização de remoção automática,,/home/vinicius-alves/viny-brain-backups/Conexoes Obsidian/Onda 1 - 2026-08-06
00 - Mapas/Painel Operacional - Viny Brain.md,MOC ou mapa,17 - Viny Flow/02 - Workflows/Revisar Texto.md,workflow,NAVEGAÇÃO,0.82,Workflows principais,manter,item listado em MOC/índice,baixo,manter,Agente Governança do Viny Brain,não,preserved,preservado por ser link forte/navegação/rastreabilidade ou sem autorização de remoção automática,,/home/vinicius-alves/viny-brain-backups/Conexoes Obsidian/Onda 1 - 2026-08-06
00 - Mapas/Painel Operacional - Viny Brain.md,MOC ou mapa,17 - Viny Flow/02 - Workflows/Fechamento de Sessão.md,histórico,NAVEGAÇÃO,0.82,Workflows principais,manter,item listado em MOC/índice,baixo,manter,Agente Governança do Viny Brain,não,preserved,preservado por ser link forte/navegação/rastreabilidade ou sem autorização de remoção automática,,/home/vinicius-alves/viny-brain-backups/Conexoes Obsidian/Onda 1 - 2026-08-06
00 - Mapas/Painel Operacional - Viny Brain.md,MOC ou mapa,17 - Viny Flow/02 - Workflows/Auditar Contexto.md,workflow,NAVEGAÇÃO,0.82,Workflows principais,manter,item listado em MOC/índice,baixo,manter,Agente Governança do Viny Brain,não,preserved,preservado por ser link forte/navegação/rastreabilidade ou sem autorização de remoção automática,,/home/vinicius-alves/viny-brain-backups/Conexoes Obsidian/Onda 1 - 2026-08-06
00 - Mapas/Painel Operacional - Viny Brain.md,MOC ou mapa,17 - Viny Flow/02 - Workflows/Quality Gate - Validar Entrega.md,workflow,NAVEGAÇÃO,0.82,Workflows principais,manter,item listado em MOC/índice,baixo,manter,Agente Governança do Viny Brain,não,preserved,preservado por ser link forte/navegação/rastreabilidade ou sem autorização de remoção automática,,/home/vinicius-alves/viny-brain-backups/Conexoes Obsidian/Onda 1 - 2026-08-06
00 - Mapas/Painel Operacional - Viny Brain.md,MOC ou mapa,17 - Viny Flow/02 - Workflows/Revisão de Segurança.md,workflow,NAVEGAÇÃO,0.82,Workflows principais,manter,item listado em MOC/índice,baixo,manter,Agente Governança do Viny Brain,não,preserved,preservado por ser link forte/navegação/rastreabilidade ou sem autorização de remoção automática,,/home/vinicius-alves/viny-brain-backups/Conexoes Obsidian/Onda 1 - 2026-08-06
00 - Mapas/Painel Operacional - Viny Brain.md,MOC ou mapa,17 - Viny Flow/02 - Workflows/Extrair Aprendizados da Sessão.md,histórico,NAVEGAÇÃO,0.82,Workflows principais,manter,item listado em MOC/índice,baixo,manter,Agente Governança do Viny Brain,não,preserved,preservado por ser link forte/navegação/rastreabilidade ou sem autorização de remoção automática,,/home/vinicius-alves/viny-brain-backups/Conexoes Obsidian/Onda 1 - 2026-08-06
00 - Mapas/Painel Operacional - Viny Brain.md,MOC ou mapa,"17 - Viny Flow/02 - Workflows/Auditar Skills, Agents e Workflows.md",workflow,NAVEGAÇÃO,0.82,Workflows principais,manter,item listado em MOC/índice,baixo,manter,Agente Governança do Viny Brain,não,preserved,preservado por ser link forte/navegação/rastreabilidade ou sem autorização de remoção automática,,/home/vinicius-alves/viny-brain-backups/Conexoes Obsidian/Onda 1 - 2026-08-06
00 - Mapas/Painel Operacional - Viny Brain.md,MOC ou mapa,17 - Viny Flow/05 - Inteligência do Cérebro/README.md,processo,REDUNDANTE,0.95,Inteligência do Cérebro,sugerir revisão/limpeza,link duplicado dentro da mesma nota,baixo,consolidar link duplicado,Agente Governança do Viny Brain,sim,needs_review,abaixo do limite de confiança automática ou depende de avaliação semântica humana,,/home/vinicius-alves/viny-brain-backups/Conexoes Obsidian/Onda 1 - 2026-08-06
00 - Mapas/Painel Operacional - Viny Brain.md,MOC ou mapa,17 - Viny Flow/05 - Inteligência do Cérebro/02 - Mapa de Métodos.md,MOC ou mapa,NAVEGAÇÃO,0.82,Inteligência do Cérebro,manter,item listado em MOC/índice,baixo,manter,Agente Governança do Viny Brain,não,preserved,preservado por ser link forte/navegação/rastreabilidade ou sem autorização de remoção automática,,/home/vinicius-alves/viny-brain-backups/Conexoes Obsidian/Onda 1 - 2026-08-06
00 - Mapas/Painel Operacional - Viny Brain.md,MOC ou mapa,17 - Viny Flow/05 - Inteligência do Cérebro/11 - Backlog de Melhorias do Cérebro.md,demanda,NAVEGAÇÃO,0.82,Inteligência do Cérebro,manter,item listado em MOC/índice,baixo,manter,Agente Governança do Viny Brain,não,preserved,preservado por ser link forte/navegação/rastreabilidade ou sem autorização de remoção automática,,/home/vinicius-alves/viny-brain-backups/Conexoes Obsidian/Onda 1 - 2026-08-06
00 - Mapas/Painel Operacional - Viny Brain.md,MOC ou mapa,18 - Integrações/README.md,integração,GENÉRICA,0.55,Integrações,sugerir revisão/limpeza,MOC/índice aponta para área distante; precisa validar escopo,médio,revisar manualmente,Agente Governança do Viny Brain,sim,needs_review,abaixo do limite de confiança automática ou depende de avaliação semântica humana,,/home/vinicius-alves/viny-brain-backups/Conexoes Obsidian/Onda 1 - 2026-08-06
00 - Mapas/Painel Operacional - Viny Brain.md,MOC ou mapa,18 - Integrações/API/README.md,integração,GENÉRICA,0.55,Integrações,sugerir revisão/limpeza,MOC/índice aponta para área distante; precisa validar escopo,médio,revisar manualmente,Agente Governança do Viny Brain,sim,needs_review,abaixo do limite de confiança automática ou depende de avaliação semântica humana,,/home/vinicius-alves/viny-brain-backups/Conexoes Obsidian/Onda 1 - 2026-08-06
00 - Mapas/Painel Operacional - Viny Brain.md,MOC ou mapa,17 - Viny Flow/02 - Workflows/Enviar Demanda para ClickUp.md,workflow,NAVEGAÇÃO,0.82,Integrações,manter,item listado em MOC/índice,baixo,manter,Agente Governança do Viny Brain,não,preserved,preservado por ser link forte/navegação/rastreabilidade ou sem autorização de remoção automática,,/home/vinicius-alves/viny-brain-backups/Conexoes Obsidian/Onda 1 - 2026-08-06
00 - Mapas/Painel Operacional - Viny Brain.md,MOC ou mapa,17 - Viny Flow/02 - Workflows/Registrar Reunião no Notion.md,workflow,NAVEGAÇÃO,0.82,Integrações,manter,item listado em MOC/índice,baixo,manter,Agente Governança do Viny Brain,não,preserved,preservado por ser link forte/navegação/rastreabilidade ou sem autorização de remoção automática,,/home/vinicius-alves/viny-brain-backups/Conexoes Obsidian/Onda 1 - 2026-08-06
00 - Mapas/Painel Operacional - Viny Brain.md,MOC ou mapa,17 - Viny Flow/02 - Workflows/Transformar Reunião em Demandas.md,workflow,NAVEGAÇÃO,0.82,Integrações,manter,item listado em MOC/índice,baixo,manter,Agente Governança do Viny Brain,não,preserved,preservado por ser link forte/navegação/rastreabilidade ou sem autorização de remoção automática,,/home/vinicius-alves/viny-brain-backups/Conexoes Obsidian/Onda 1 - 2026-08-06
00 - Mapas/Painel Operacional - Viny Brain.md,MOC ou mapa,17 - Viny Flow/02 - Workflows/Sincronizar Decisões Operacionais.md,workflow,NAVEGAÇÃO,0.82,Integrações,manter,item listado em MOC/índice,baixo,manter,Agente Governança do Viny Brain,não,preserved,preservado por ser link forte/navegação/rastreabilidade ou sem autorização de remoção automática,,/home/vinicius-alves/viny-brain-backups/Conexoes Obsidian/Onda 1 - 2026-08-06
00 - Mapas/Painel Operacional - Viny Brain.md,MOC ou mapa,17 - Viny Flow/02 - Workflows/Auditar Integrações.md,workflow,NAVEGAÇÃO,0.82,Integrações,manter,item listado em MOC/índice,baixo,manter,Agente Governança do Viny Brain,não,preserved,preservado por ser link forte/navegação/rastreabilidade ou sem autorização de remoção automática,,/home/vinicius-alves/viny-brain-backups/Conexoes Obsidian/Onda 1 - 2026-08-06
00 - Mapas/Painel Operacional - Viny Brain.md,MOC ou mapa,17 - Viny Flow/01 - Agentes/Agente Base de Conhecimento.md,agente,NAVEGAÇÃO,0.82,Agentes ativos,manter,item listado em MOC/índice,baixo,manter,Agente Governança do Viny Brain,não,preserved,preservado por ser link forte/navegação/rastreabilidade ou sem autorização de remoção automática,,/home/vinicius-alves/viny-brain-backups/Conexoes Obsidian/Onda 1 - 2026-08-06
00 - Mapas/Painel Operacional - Viny Brain.md,MOC ou mapa,17 - Viny Flow/01 - Agentes/Agente Auditor.md,agente,NAVEGAÇÃO,0.82,Agentes ativos,manter,item listado em MOC/índice,baixo,manter,Agente Governança do Viny Brain,não,preserved,preservado por ser link forte/navegação/rastreabilidade ou sem autorização de remoção automática,,/home/vinicius-alves/viny-brain-backups/Conexoes Obsidian/Onda 1 - 2026-08-06
00 - Mapas/Painel Operacional - Viny Brain.md,MOC ou mapa,17 - Viny Flow/01 - Agentes/Agente Segurança.md,agente,NAVEGAÇÃO,0.82,Agentes ativos,manter,item listado em MOC/índice,baixo,manter,Agente Governança do Viny Brain,não,preserved,preservado por ser link forte/navegação/rastreabilidade ou sem autorização de remoção automática,,/home/vinicius-alves/viny-brain-backups/Conexoes Obsidian/Onda 1 - 2026-08-06
00 - Mapas/Painel Operacional - Viny Brain.md,MOC ou mapa,17 - Viny Flow/01 - Agentes/Agente Redator.md,agente,NAVEGAÇÃO,0.82,Agentes ativos,manter,item listado em MOC/índice,baixo,manter,Agente Governança do Viny Brain,não,preserved,preservado por ser link forte/navegação/rastreabilidade ou sem autorização de remoção automática,,/home/vinicius-alves/viny-brain-backups/Conexoes Obsidian/Onda 1 - 2026-08-06
00 - Mapas/Painel Operacional - Viny Brain.md,MOC ou mapa,17 - Viny Flow/01 - Agentes/Agente Memoria e Checkpoint.md,checkpoint,NAVEGAÇÃO,0.82,Agentes ativos,manter,item listado em MOC/índice,baixo,manter,Agente Governança do Viny Brain,não,preserved,preservado por ser link forte/navegação/rastreabilidade ou sem autorização de remoção automática,,/home/vinicius-alves/viny-brain-backups/Conexoes Obsidian/Onda 1 - 2026-08-06
00 - Mapas/Painel Operacional - Viny Brain.md,MOC ou mapa,17 - Viny Flow/01 - Agentes/Agente Tutorial StayCloud.md,agente,NAVEGAÇÃO,0.82,Agentes ativos,manter,item listado em MOC/índice,baixo,manter,Agente Governança do Viny Brain,não,preserved,preservado por ser link forte/navegação/rastreabilidade ou sem autorização de remoção automática,,/home/vinicius-alves/viny-brain-backups/Conexoes Obsidian/Onda 1 - 2026-08-06
00 - Mapas/Painel Operacional - Viny Brain.md,MOC ou mapa,17 - Viny Flow/01 - Agentes/Agente SEO Rank Math.md,agente,NAVEGAÇÃO,0.82,Agentes ativos,manter,item listado em MOC/índice,baixo,manter,Agente Governança do Viny Brain,não,preserved,preservado por ser link forte/navegação/rastreabilidade ou sem autorização de remoção automática,,/home/vinicius-alves/viny-brain-backups/Conexoes Obsidian/Onda 1 - 2026-08-06
00 - Mapas/Painel Operacional - Viny Brain.md,MOC ou mapa,17 - Viny Flow/01 - Agentes/Agente Visual e Prints.md,agente,NAVEGAÇÃO,0.82,Agentes ativos,manter,item listado em MOC/índice,baixo,manter,Agente Governança do Viny Brain,não,preserved,preservado por ser link forte/navegação/rastreabilidade ou sem autorização de remoção automática,,/home/vinicius-alves/viny-brain-backups/Conexoes Obsidian/Onda 1 - 2026-08-06
00 - Mapas/Painel Operacional - Viny Brain.md,MOC ou mapa,17 - Viny Flow/01 - Agentes/Agente UI UX Experience.md,agente,NAVEGAÇÃO,0.82,Agentes ativos,manter,item listado em MOC/índice,baixo,manter,Agente Governança do Viny Brain,não,preserved,preservado por ser link forte/navegação/rastreabilidade ou sem autorização de remoção automática,,/home/vinicius-alves/viny-brain-backups/Conexoes Obsidian/Onda 1 - 2026-08-06
00 - Mapas/Painel Operacional - Viny Brain.md,MOC ou mapa,17 - Viny Flow/01 - Agentes/Agente WordPress.md,agente,NAVEGAÇÃO,0.82,Agentes ativos,manter,item listado em MOC/índice,baixo,manter,Agente Governança do Viny Brain,não,preserved,preservado por ser link forte/navegação/rastreabilidade ou sem autorização de remoção automática,,/home/vinicius-alves/viny-brain-backups/Conexoes Obsidian/Onda 1 - 2026-08-06
00 - Mapas/Painel Operacional - Viny Brain.md,MOC ou mapa,17 - Viny Flow/01 - Agentes/Agente Relatorios.md,agente,NAVEGAÇÃO,0.82,Agentes ativos,manter,item listado em MOC/índice,baixo,manter,Agente Governança do Viny Brain,não,preserved,preservado por ser link forte/navegação/rastreabilidade ou sem autorização de remoção automática,,/home/vinicius-alves/viny-brain-backups/Conexoes Obsidian/Onda 1 - 2026-08-06
00 - Mapas/Painel Operacional - Viny Brain.md,MOC ou mapa,13 - Base de Conhecimento/00 - Índice/Índice Geral.md,índice,REDUNDANTE,0.95,Base de Conhecimento,sugerir revisão/limpeza,link duplicado dentro da mesma nota,baixo,consolidar link duplicado,Agente Governança do Viny Brain,sim,needs_review,abaixo do limite de confiança automática ou depende de avaliação semântica humana,,/home/vinicius-alves/viny-brain-backups/Conexoes Obsidian/Onda 1 - 2026-08-06
00 - Mapas/Painel Operacional - Viny Brain.md,MOC ou mapa,13 - Base de Conhecimento/00 - Índice/Mapa por Temas.md,MOC ou mapa,REDUNDANTE,0.95,Base de Conhecimento,sugerir revisão/limpeza,link duplicado dentro da mesma nota,baixo,consolidar link duplicado,Agente Governança do Viny Brain,sim,needs_review,abaixo do limite de confiança automática ou depende de avaliação semântica humana,,/home/vinicius-alves/viny-brain-backups/Conexoes Obsidian/Onda 1 - 2026-08-06
00 - Mapas/Painel Operacional - Viny Brain.md,MOC ou mapa,00 - Mapas/MOC - Tutoriais StayCloud.md,MOC ou mapa,REDUNDANTE,0.95,Tutoriais StayCloud,sugerir revisão/limpeza,link duplicado dentro da mesma nota,baixo,consolidar link duplicado,Agente Governança do Viny Brain,sim,needs_review,abaixo do limite de confiança automática ou depende de avaliação semântica humana,,/home/vinicius-alves/viny-brain-backups/Conexoes Obsidian/Onda 1 - 2026-08-06
00 - Mapas/Painel Operacional - Viny Brain.md,MOC ou mapa,17 - Viny Flow/02 - Workflows/Criar Tutorial StayCloud.md,workflow,REDUNDANTE,0.95,Tutoriais StayCloud,sugerir revisão/limpeza,link duplicado dentro da mesma nota,baixo,consolidar link duplicado,Agente Governança do Viny Brain,sim,needs_review,abaixo do limite de confiança automática ou depende de avaliação semântica humana,,/home/vinicius-alves/viny-brain-backups/Conexoes Obsidian/Onda 1 - 2026-08-06
00 - Mapas/Painel Operacional - Viny Brain.md,MOC ou mapa,17 - Viny Flow/02 - Workflows/Revisar Tutorial StayCloud.md,workflow,REDUNDANTE,0.95,Tutoriais StayCloud,sugerir revisão/limpeza,link duplicado dentro da mesma nota,baixo,consolidar link duplicado,Agente Governança do Viny Brain,sim,needs_review,abaixo do limite de confiança automática ou depende de avaliação semântica humana,,/home/vinicius-alves/viny-brain-backups/Conexoes Obsidian/Onda 1 - 2026-08-06
00 - Mapas/Painel Operacional - Viny Brain.md,MOC ou mapa,17 - Viny Flow/02 - Workflows/Publicar Tutorial StayCloud.md,workflow,NAVEGAÇÃO,0.82,Tutoriais StayCloud,manter,item listado em MOC/índice,baixo,manter,Agente Governança do Viny Brain,não,preserved,preservado por ser link forte/navegação/rastreabilidade ou sem autorização de remoção automática,,/home/vinicius-alves/viny-brain-backups/Conexoes Obsidian/Onda 1 - 2026-08-06
00 - Mapas/Painel Operacional - Viny Brain.md,MOC ou mapa,03 - Tutoriais/Checklist SEO Rank Math StayCloud.md,classificação incerta,NAVEGAÇÃO,0.82,Tutoriais StayCloud,manter,item listado em MOC/índice,baixo,manter,Agente Governança do Viny Brain,não,preserved,preservado por ser link forte/navegação/rastreabilidade ou sem autorização de remoção automática,,/home/vinicius-alves/viny-brain-backups/Conexoes Obsidian/Onda 1 - 2026-08-06
00 - Mapas/Painel Operacional - Viny Brain.md,MOC ou mapa,03 - Tutoriais/Checklist UI UX - Tutorial StayCloud.md,tutorial,NAVEGAÇÃO,0.82,Tutoriais StayCloud,manter,item listado em MOC/índice,baixo,manter,Agente Governança do Viny Brain,não,preserved,preservado por ser link forte/navegação/rastreabilidade ou sem autorização de remoção automática,,/home/vinicius-alves/viny-brain-backups/Conexoes Obsidian/Onda 1 - 2026-08-06
00 - Mapas/Painel Operacional - Viny Brain.md,MOC ou mapa,03 - Tutoriais/Checklist Final - Revisão antes do WordPress.md,tutorial,NAVEGAÇÃO,0.82,Tutoriais StayCloud,manter,item listado em MOC/índice,baixo,manter,Agente Governança do Viny Brain,não,preserved,preservado por ser link forte/navegação/rastreabilidade ou sem autorização de remoção automática,,/home/vinicius-alves/viny-brain-backups/Conexoes Obsidian/Onda 1 - 2026-08-06
00 - Mapas/Painel Operacional - Viny Brain.md,MOC ou mapa,03 - Tutoriais/Padrão de Prints StayCloud.md,arquivo de apoio,NAVEGAÇÃO,0.82,Tutoriais StayCloud,manter,item listado em MOC/índice,baixo,manter,Agente Governança do Viny Brain,não,preserved,preservado por ser link forte/navegação/rastreabilidade ou sem autorização de remoção automática,,/home/vinicius-alves/viny-brain-backups/Conexoes Obsidian/Onda 1 - 2026-08-06
00 - Mapas/Painel Operacional - Viny Brain.md,MOC ou mapa,03 - Tutoriais/Produção em Lote/Painel Novo/Fila de Produção - Painel Novo.md,classificação incerta,NAVEGAÇÃO,0.82,Tutoriais StayCloud,manter,item listado em MOC/índice,baixo,manter,Agente Governança do Viny Brain,não,preserved,preservado por ser link forte/navegação/rastreabilidade ou sem autorização de remoção automática,,/home/vinicius-alves/viny-brain-backups/Conexoes Obsidian/Onda 1 - 2026-08-06
00 - Mapas/Painel Operacional - Viny Brain.md,MOC ou mapa,03 - Tutoriais/Produção em Lote/Painel Novo/Tutoriais Corretos V2/00 - ÍNDICE DOS TUTORIAIS.md,índice,NAVEGAÇÃO,0.82,Tutoriais StayCloud,manter,item listado em MOC/índice,baixo,manter,Agente Governança do Viny Brain,não,preserved,preservado por ser link forte/navegação/rastreabilidade ou sem autorização de remoção automática,,/home/vinicius-alves/viny-brain-backups/Conexoes Obsidian/Onda 1 - 2026-08-06
00 - Mapas/Painel Operacional - Viny Brain.md,MOC ou mapa,15 - Cursos e Estudos/SINAPSE T03/README.md,estudo,GENÉRICA,0.55,Estudos e Ferramentas,sugerir revisão/limpeza,MOC/índice aponta para área distante; precisa validar escopo,médio,revisar manualmente,Agente Governança do Viny Brain,sim,needs_review,abaixo do limite de confiança automática ou depende de avaliação semântica humana,,/home/vinicius-alves/viny-brain-backups/Conexoes Obsidian/Onda 1 - 2026-08-06
00 - Mapas/Painel Operacional - Viny Brain.md,MOC ou mapa,16 - Estudos e Ferramentas/Ruflo/Diagnóstico - Ruflo.md,estudo,GENÉRICA,0.55,Estudos e Ferramentas,sugerir revisão/limpeza,MOC/índice aponta para área distante; precisa validar escopo,médio,revisar manualmente,Agente Governança do Viny Brain,sim,needs_review,abaixo do limite de confiança automática ou depende de avaliação semântica humana,,/home/vinicius-alves/viny-brain-backups/Conexoes Obsidian/Onda 1 - 2026-08-06
00 - Mapas/Painel Operacional - Viny Brain.md,MOC ou mapa,16 - Estudos e Ferramentas/ECC/Diagnóstico - ECC.md,estudo,REDUNDANTE,0.95,Estudos e Ferramentas,sugerir revisão/limpeza,link duplicado dentro da mesma nota,baixo,consolidar link duplicado,Agente Governança do Viny Brain,sim,needs_review,abaixo do limite de confiança automática ou depende de avaliação semântica humana,,/home/vinicius-alves/viny-brain-backups/Conexoes Obsidian/Onda 1 - 2026-08-06
04 - Gestão/Daily e Weekly.md,reunião,19 - Reuniões/02 - Reuniões Formatadas/Weeklies/Weekly - Suporte - 2026-08-03 - 16-18.md,reunião,GENÉRICA,0.62,Concluído,sugerir revisão/limpeza,conexão entre áreas/projetos distintos (04 - Gestão -> Reuniões),médio,revisar manualmente,Agente Governança do Viny Brain,sim,needs_review,abaixo do limite de confiança automática ou depende de avaliação semântica humana,,/home/vinicius-alves/viny-brain-backups/Conexoes Obsidian/Onda 1 - 2026-08-06
04 - Gestão/Daily e Weekly.md,reunião,19 - Reuniões/01 - Em Revisão/Weekly - Suporte - 2026-08-03 - 16-18 - Transcrição Revisada.md,reunião,GENÉRICA,0.62,Concluído,sugerir revisão/limpeza,conexão entre áreas/projetos distintos (04 - Gestão -> Reuniões),médio,revisar manualmente,Agente Governança do Viny Brain,sim,needs_review,abaixo do limite de confiança automática ou depende de avaliação semântica humana,,/home/vinicius-alves/viny-brain-backups/Conexoes Obsidian/Onda 1 - 2026-08-06
04 - Gestão/Decisões - Suporte.md,decisão,19 - Reuniões/02 - Reuniões Formatadas/Weeklies/Weekly - Suporte - 2026-08-03 - 16-18.md,reunião,SEMÂNTICA FORTE,0.78,2026-08-03 — Weekly Suporte,manter,decisão vinculada à origem ou ao objeto decidido,baixo,manter,Agente Governança do Viny Brain,não,preserved,preservado por ser link forte/navegação/rastreabilidade ou sem autorização de remoção automática,,/home/vinicius-alves/viny-brain-backups/Conexoes Obsidian/Onda 1 - 2026-08-06
04 - Gestão/Demandas - Suporte.md,demanda,19 - Reuniões/02 - Reuniões Formatadas/Weeklies/Weekly - Suporte - 2026-08-03 - 16-18.md,reunião,GENÉRICA,0.62,2026-08-03 — Weekly Suporte,sugerir revisão/limpeza,conexão entre áreas/projetos distintos (04 - Gestão -> Reuniões),médio,revisar manualmente,Agente Governança do Viny Brain,sim,needs_review,abaixo do limite de confiança automática ou depende de avaliação semântica humana,,/home/vinicius-alves/viny-brain-backups/Conexoes Obsidian/Onda 1 - 2026-08-06
06 - Relatórios/Auditoria Geral - Tutoriais StayCloud e Conexões do Obsidian - 2026-07-28.md,relatório,17 - Viny Flow/01 - Agentes/Agente Auditor.md,agente,GENÉRICA,0.62,Agentes encontrados,sugerir revisão/limpeza,conexão entre áreas/projetos distintos (StayCloud -> Viny Flow),médio,revisar manualmente,Agente Governança do Viny Brain,sim,needs_review,abaixo do limite de confiança automática ou depende de avaliação semântica humana,,/home/vinicius-alves/viny-brain-backups/Conexoes Obsidian/Onda 1 - 2026-08-06
06 - Relatórios/Auditoria Geral - Tutoriais StayCloud e Conexões do Obsidian - 2026-07-28.md,relatório,17 - Viny Flow/01 - Agentes/Agente Governança do Viny Brain.md,agente,GENÉRICA,0.62,Agentes encontrados,sugerir revisão/limpeza,conexão entre áreas/projetos distintos (StayCloud -> Viny Flow),médio,revisar manualmente,Agente Governança do Viny Brain,sim,needs_review,abaixo do limite de confiança automática ou depende de avaliação semântica humana,,/home/vinicius-alves/viny-brain-backups/Conexoes Obsidian/Onda 1 - 2026-08-06
06 - Relatórios/Auditoria Geral - Tutoriais StayCloud e Conexões do Obsidian - 2026-07-28.md,relatório,17 - Viny Flow/01 - Agentes/Agente Tutorial StayCloud.md,agente,INCERTA,0.45,Agentes encontrados,sugerir revisão/limpeza,sem evidência suficiente no contexto local do link,médio,revisar manualmente,Agente Governança do Viny Brain,sim,needs_review,abaixo do limite de confiança automática ou depende de avaliação semântica humana,,/home/vinicius-alves/viny-brain-backups/Conexoes Obsidian/Onda 1 - 2026-08-06
06 - Relatórios/Auditoria Geral - Tutoriais StayCloud e Conexões do Obsidian - 2026-07-28.md,relatório,17 - Viny Flow/01 - Agentes/Agente Visual e Prints.md,agente,GENÉRICA,0.62,Agentes encontrados,sugerir revisão/limpeza,conexão entre áreas/projetos distintos (StayCloud -> Viny Flow),médio,revisar manualmente,Agente Governança do Viny Brain,sim,needs_review,abaixo do limite de confiança automática ou depende de avaliação semântica humana,,/home/vinicius-alves/viny-brain-backups/Conexoes Obsidian/Onda 1 - 2026-08-06
06 - Relatórios/Auditoria Geral - Tutoriais StayCloud e Conexões do Obsidian - 2026-07-28.md,relatório,17 - Viny Flow/01 - Agentes/Agente UI UX Experience.md,agente,GENÉRICA,0.62,Agentes encontrados,sugerir revisão/limpeza,conexão entre áreas/projetos distintos (StayCloud -> Viny Flow),médio,revisar manualmente,Agente Governança do Viny Brain,sim,needs_review,abaixo do limite de confiança automática ou depende de avaliação semântica humana,,/home/vinicius-alves/viny-brain-backups/Conexoes Obsidian/Onda 1 - 2026-08-06
06 - Relatórios/Auditoria Geral - Tutoriais StayCloud e Conexões do Obsidian - 2026-07-28.md,relatório,17 - Viny Flow/01 - Agentes/Agente SEO Rank Math.md,agente,GENÉRICA,0.62,Agentes encontrados,sugerir revisão/limpeza,conexão entre áreas/projetos distintos (StayCloud -> Viny Flow),médio,revisar manualmente,Agente Governança do Viny Brain,sim,needs_review,abaixo do limite de confiança automática ou depende de avaliação semântica humana,,/home/vinicius-alves/viny-brain-backups/Conexoes Obsidian/Onda 1 - 2026-08-06
06 - Relatórios/Auditoria Geral - Tutoriais StayCloud e Conexões do Obsidian - 2026-07-28.md,relatório,17 - Viny Flow/01 - Agentes/Agente WordPress.md,agente,GENÉRICA,0.62,Agentes encontrados,sugerir revisão/limpeza,conexão entre áreas/projetos distintos (StayCloud -> Viny Flow),médio,revisar manualmente,Agente Governança do Viny Brain,sim,needs_review,abaixo do limite de confiança automática ou depende de avaliação semântica humana,,/home/vinicius-alves/viny-brain-backups/Conexoes Obsidian/Onda 1 - 2026-08-06
06 - Relatórios/Auditoria Geral - Tutoriais StayCloud e Conexões do Obsidian - 2026-07-28.md,relatório,17 - Viny Flow/01 - Agentes/Agente Segurança.md,agente,GENÉRICA,0.62,Agentes encontrados,sugerir revisão/limpeza,conexão entre áreas/projetos distintos (StayCloud -> Viny Flow),médio,revisar manualmente,Agente Governança do Viny Brain,sim,needs_review,abaixo do limite de confiança automática ou depende de avaliação semântica humana,,/home/vinicius-alves/viny-brain-backups/Conexoes Obsidian/Onda 1 - 2026-08-06
06 - Relatórios/Auditoria Geral - Tutoriais StayCloud e Conexões do Obsidian - 2026-07-28.md,relatório,17 - Viny Flow/01 - Agentes/Agente Memoria e Checkpoint.md,checkpoint,HISTÓRICO OU RASTREABILIDADE,0.74,Agentes encontrados,sugerir revisão/limpeza,vínculo de sessão/checkpoint/histórico,médio,mover para seção de histórico,Agente Governança do Viny Brain,sim,needs_review,abaixo do limite de confiança automática ou depende de avaliação semântica humana,,/home/vinicius-alves/viny-brain-backups/Conexoes Obsidian/Onda 1 - 2026-08-06
06 - Relatórios/Auditoria Geral - Tutoriais StayCloud e Conexões do Obsidian - 2026-07-28.md,relatório,17 - Viny Flow/01 - Agentes/Agente Auditor.md,agente,REDUNDANTE,0.95,Agentes encontrados,sugerir revisão/limpeza,link duplicado dentro da mesma nota,baixo,consolidar link duplicado,Agente Governança do Viny Brain,sim,needs_review,abaixo do limite de confiança automática ou depende de avaliação semântica humana,,/home/vinicius-alves/viny-brain-backups/Conexoes Obsidian/Onda 1 - 2026-08-06
06 - Relatórios/Auditoria Geral - Tutoriais StayCloud e Conexões do Obsidian - 2026-07-28.md,relatório,17 - Viny Flow/03 - Comandos/Comandos Reutilizáveis.md,comando,GENÉRICA,0.62,Comandos encontrados,sugerir revisão/limpeza,conexão entre áreas/projetos distintos (StayCloud -> Viny Flow),médio,revisar manualmente,Agente Governança do Viny Brain,sim,needs_review,abaixo do limite de confiança automática ou depende de avaliação semântica humana,,/home/vinicius-alves/viny-brain-backups/Conexoes Obsidian/Onda 1 - 2026-08-06
06 - Relatórios/Auditoria Geral - Tutoriais StayCloud e Conexões do Obsidian - 2026-07-28.md,relatório,17 - Viny Flow/02 - Workflows/Auditar Contexto.md,workflow,GENÉRICA,0.62,Workflows encontrados,sugerir revisão/limpeza,conexão entre áreas/projetos distintos (StayCloud -> Viny Flow),médio,revisar manualmente,Agente Governança do Viny Brain,sim,needs_review,abaixo do limite de confiança automática ou depende de avaliação semântica humana,,/home/vinicius-alves/viny-brain-backups/Conexoes Obsidian/Onda 1 - 2026-08-06
06 - Relatórios/Auditoria Geral - Tutoriais StayCloud e Conexões do Obsidian - 2026-07-28.md,relatório,17 - Viny Flow/02 - Workflows/Auditar Governança do Viny Brain.md,workflow,GENÉRICA,0.62,Workflows encontrados,sugerir revisão/limpeza,conexão entre áreas/projetos distintos (StayCloud -> Viny Flow),médio,revisar manualmente,Agente Governança do Viny Brain,sim,needs_review,abaixo do limite de confiança automática ou depende de avaliação semântica humana,,/home/vinicius-alves/viny-brain-backups/Conexoes Obsidian/Onda 1 - 2026-08-06
06 - Relatórios/Auditoria Geral - Tutoriais StayCloud e Conexões do Obsidian - 2026-07-28.md,relatório,"17 - Viny Flow/02 - Workflows/Auditar Skills, Agents e Workflows.md",workflow,GENÉRICA,0.62,Workflows encontrados,sugerir revisão/limpeza,conexão entre áreas/projetos distintos (StayCloud -> Viny Flow),médio,revisar manualmente,Agente Governança do Viny Brain,sim,needs_review,abaixo do limite de confiança automática ou depende de avaliação semântica humana,,/home/vinicius-alves/viny-brain-backups/Conexoes Obsidian/Onda 1 - 2026-08-06
06 - Relatórios/Auditoria Geral - Tutoriais StayCloud e Conexões do Obsidian - 2026-07-28.md,relatório,17 - Viny Flow/02 - Workflows/Quality Gate - Validar Entrega.md,workflow,GENÉRICA,0.62,Workflows encontrados,sugerir revisão/limpeza,conexão entre áreas/projetos distintos (StayCloud -> Viny Flow),médio,revisar manualmente,Agente Governança do Viny Brain,sim,needs_review,abaixo do limite de confiança automática ou depende de avaliação semântica humana,,/home/vinicius-alves/viny-brain-backups/Conexoes Obsidian/Onda 1 - 2026-08-06
06 - Relatórios/Auditoria Geral - Tutoriais StayCloud e Conexões do Obsidian - 2026-07-28.md,relatório,17 - Viny Flow/02 - Workflows/Criar Tutorial StayCloud.md,workflow,INCERTA,0.45,Workflows encontrados,sugerir revisão/limpeza,sem evidência suficiente no contexto local do link,médio,revisar manualmente,Agente Governança do Viny Brain,sim,needs_review,abaixo do limite de confiança automática ou depende de avaliação semântica humana,,/home/vinicius-alves/viny-brain-backups/Conexoes Obsidian/Onda 1 - 2026-08-06
06 - Relatórios/Auditoria Geral - Tutoriais StayCloud e Conexões do Obsidian - 2026-07-28.md,relatório,17 - Viny Flow/02 - Workflows/Revisar Tutorial StayCloud.md,workflow,INCERTA,0.45,Workflows encontrados,sugerir revisão/limpeza,sem evidência suficiente no contexto local do link,médio,revisar manualmente,Agente Governança do Viny Brain,sim,needs_review,abaixo do limite de confiança automática ou depende de avaliação semântica humana,,/home/vinicius-alves/viny-brain-backups/Conexoes Obsidian/Onda 1 - 2026-08-06
06 - Relatórios/Auditoria Geral - Tutoriais StayCloud e Conexões do Obsidian - 2026-07-28.md,relatório,17 - Viny Flow/02 - Workflows/Publicar Tutorial StayCloud.md,workflow,INCERTA,0.45,Workflows encontrados,sugerir revisão/limpeza,sem evidência suficiente no contexto local do link,médio,revisar manualmente,Agente Governança do Viny Brain,sim,needs_review,abaixo do limite de confiança automática ou depende de avaliação semântica humana,,/home/vinicius-alves/viny-brain-backups/Conexoes Obsidian/Onda 1 - 2026-08-06
06 - Relatórios/Auditoria Geral - Tutoriais StayCloud e Conexões do Obsidian - 2026-07-28.md,relatório,00 - Mapas/MOC - Tutoriais StayCloud.md,MOC ou mapa,GENÉRICA,0.58,Documentos auditados,sugerir revisão/limpeza,link para hub amplo fora de seção claramente navegacional,médio,substituir por link ao MOC,Agente Governança do Viny Brain,sim,needs_review,abaixo do limite de confiança automática ou depende de avaliação semântica humana,,/home/vinicius-alves/viny-brain-backups/Conexoes Obsidian/Onda 1 - 2026-08-06
06 - Relatórios/Auditoria Geral - Tutoriais StayCloud e Conexões do Obsidian - 2026-07-28.md,relatório,00 - Mapas/Painel Operacional - Viny Brain.md,MOC ou mapa,GENÉRICA,0.58,Documentos auditados,sugerir revisão/limpeza,link para hub amplo fora de seção claramente navegacional,médio,substituir por link ao MOC,Agente Governança do Viny Brain,sim,needs_review,abaixo do limite de confiança automática ou depende de avaliação semântica humana,,/home/vinicius-alves/viny-brain-backups/Conexoes Obsidian/Onda 1 - 2026-08-06
06 - Relatórios/Auditoria Geral - Tutoriais StayCloud e Conexões do Obsidian - 2026-07-28.md,relatório,00 - Mapas/MOC - Viny Brain.md,MOC ou mapa,GENÉRICA,0.58,Documentos auditados,sugerir revisão/limpeza,link para hub amplo fora de seção claramente navegacional,médio,substituir por link ao MOC,Agente Governança do Viny Brain,sim,needs_review,abaixo do limite de confiança automática ou depende de avaliação semântica humana,,/home/vinicius-alves/viny-brain-backups/Conexoes Obsidian/Onda 1 - 2026-08-06
06 - Relatórios/Auditoria Geral - Tutoriais StayCloud e Conexões do Obsidian - 2026-07-28.md,relatório,03 - Tutoriais/Fluxo Oficial - Criação e Publicação de Tutorial StayCloud.md,tutorial,INCERTA,0.45,Documentos auditados,sugerir revisão/limpeza,sem evidência suficiente no contexto local do link,médio,revisar manualmente,Agente Governança do Viny Brain,sim,needs_review,abaixo do limite de confiança automática ou depende de avaliação semântica humana,,/home/vinicius-alves/viny-brain-backups/Conexoes Obsidian/Onda 1 - 2026-08-06
06 - Relatórios/Auditoria Geral - Tutoriais StayCloud e Conexões do Obsidian - 2026-07-28.md,relatório,03 - Tutoriais/Padrão de Prints StayCloud.md,arquivo de apoio,INCERTA,0.45,Documentos auditados,sugerir revisão/limpeza,sem evidência suficiente no contexto local do link,médio,revisar manualmente,Agente Governança do Viny Brain,sim,needs_review,abaixo do limite de confiança automática ou depende de avaliação semântica humana,,/home/vinicius-alves/viny-brain-backups/Conexoes Obsidian/Onda 1 - 2026-08-06
06 - Relatórios/Auditoria Geral - Tutoriais StayCloud e Conexões do Obsidian - 2026-07-28.md,relatório,03 - Tutoriais/Checklist UI UX - Tutorial StayCloud.md,tutorial,INCERTA,0.45,Documentos auditados,sugerir revisão/limpeza,sem evidência suficiente no contexto local do link,médio,revisar manualmente,Agente Governança do Viny Brain,sim,needs_review,abaixo do limite de confiança automática ou depende de avaliação semântica humana,,/home/vinicius-alves/viny-brain-backups/Conexoes Obsidian/Onda 1 - 2026-08-06
06 - Relatórios/Auditoria Geral - Tutoriais StayCloud e Conexões do Obsidian - 2026-07-28.md,relatório,03 - Tutoriais/Checklist SEO Rank Math StayCloud.md,classificação incerta,INCERTA,0.45,Documentos auditados,sugerir revisão/limpeza,sem evidência suficiente no contexto local do link,médio,revisar manualmente,Agente Governança do Viny Brain,sim,needs_review,abaixo do limite de confiança automática ou depende de avaliação semântica humana,,/home/vinicius-alves/viny-brain-backups/Conexoes Obsidian/Onda 1 - 2026-08-06
06 - Relatórios/Auditoria Geral - Tutoriais StayCloud e Conexões do Obsidian - 2026-07-28.md,relatório,03 - Tutoriais/Checklist Final - Revisão antes do WordPress.md,tutorial,INCERTA,0.45,Documentos auditados,sugerir revisão/limpeza,sem evidência suficiente no contexto local do link,médio,revisar manualmente,Agente Governança do Viny Brain,sim,needs_review,abaixo do limite de confiança automática ou depende de avaliação semântica humana,,/home/vinicius-alves/viny-brain-backups/Conexoes Obsidian/Onda 1 - 2026-08-06
06 - Relatórios/Auditoria Geral - Tutoriais StayCloud e Conexões do Obsidian - 2026-07-28.md,relatório,17 - Viny Flow/01 - Agentes/Agente Auditor.md,agente,REDUNDANTE,0.95,Documentos auditados,sugerir revisão/limpeza,link duplicado dentro da mesma nota,baixo,consolidar link duplicado,Agente Governança do Viny Brain,sim,needs_review,abaixo do limite de confiança automática ou depende de avaliação semântica humana,,/home/vinicius-alves/viny-brain-backups/Conexoes Obsidian/Onda 1 - 2026-08-06
06 - Relatórios/Auditoria Geral - Tutoriais StayCloud e Conexões do Obsidian - 2026-07-28.md,relatório,17 - Viny Flow/01 - Agentes/Agente Tutorial StayCloud.md,agente,REDUNDANTE,0.95,Documentos auditados,sugerir revisão/limpeza,link duplicado dentro da mesma nota,baixo,consolidar link duplicado,Agente Governança do Viny Brain,sim,needs_review,abaixo do limite de confiança automática ou depende de avaliação semântica humana,,/home/vinicius-alves/viny-brain-backups/Conexoes Obsidian/Onda 1 - 2026-08-06
06 - Relatórios/Auditoria Geral - Tutoriais StayCloud e Conexões do Obsidian - 2026-07-28.md,relatório,17 - Viny Flow/01 - Agentes/Agente Visual e Prints.md,agente,REDUNDANTE,0.95,Documentos auditados,sugerir revisão/limpeza,link duplicado dentro da mesma nota,baixo,consolidar link duplicado,Agente Governança do Viny Brain,sim,needs_review,abaixo do limite de confiança automática ou depende de avaliação semântica humana,,/home/vinicius-alves/viny-brain-backups/Conexoes Obsidian/Onda 1 - 2026-08-06
06 - Relatórios/Auditoria Geral - Tutoriais StayCloud e Conexões do Obsidian - 2026-07-28.md,relatório,17 - Viny Flow/01 - Agentes/Agente UI UX Experience.md,agente,REDUNDANTE,0.95,Documentos auditados,sugerir revisão/limpeza,link duplicado dentro da mesma nota,baixo,consolidar link duplicado,Agente Governança do Viny Brain,sim,needs_review,abaixo do limite de confiança automática ou depende de avaliação semântica humana,,/home/vinicius-alves/viny-brain-backups/Conexoes Obsidian/Onda 1 - 2026-08-06
06 - Relatórios/Auditoria Geral - Tutoriais StayCloud e Conexões do Obsidian - 2026-07-28.md,relatório,17 - Viny Flow/01 - Agentes/Agente SEO Rank Math.md,agente,REDUNDANTE,0.95,Documentos auditados,sugerir revisão/limpeza,link duplicado dentro da mesma nota,baixo,consolidar link duplicado,Agente Governança do Viny Brain,sim,needs_review,abaixo do limite de confiança automática ou depende de avaliação semântica humana,,/home/vinicius-alves/viny-brain-backups/Conexoes Obsidian/Onda 1 - 2026-08-06
06 - Relatórios/Auditoria Geral - Tutoriais StayCloud e Conexões do Obsidian - 2026-07-28.md,relatório,17 - Viny Flow/01 - Agentes/Agente Segurança.md,agente,REDUNDANTE,0.95,Documentos auditados,sugerir revisão/limpeza,link duplicado dentro da mesma nota,baixo,consolidar link duplicado,Agente Governança do Viny Brain,sim,needs_review,abaixo do limite de confiança automática ou depende de avaliação semântica humana,,/home/vinicius-alves/viny-brain-backups/Conexoes Obsidian/Onda 1 - 2026-08-06
06 - Relatórios/Auditoria Geral - Tutoriais StayCloud e Conexões do Obsidian - 2026-07-28.md,relatório,17 - Viny Flow/03 - Comandos/Comandos Reutilizáveis.md,comando,REDUNDANTE,0.95,Documentos auditados,sugerir revisão/limpeza,link duplicado dentro da mesma nota,baixo,consolidar link duplicado,Agente Governança do Viny Brain,sim,needs_review,abaixo do limite de confiança automática ou depende de avaliação semântica humana,,/home/vinicius-alves/viny-brain-backups/Conexoes Obsidian/Onda 1 - 2026-08-06
06 - Relatórios/Auditoria Geral - Tutoriais StayCloud e Conexões do Obsidian - 2026-07-28.md,relatório,03 - Tutoriais/Produção em Lote/Painel Novo/Fila de Produção - Painel Novo.md,classificação incerta,INCERTA,0.45,Documentos auditados,sugerir revisão/limpeza,sem evidência suficiente no contexto local do link,médio,revisar manualmente,Agente Governança do Viny Brain,sim,needs_review,abaixo do limite de confiança automática ou depende de avaliação semântica humana,,/home/vinicius-alves/viny-brain-backups/Conexoes Obsidian/Onda 1 - 2026-08-06
06 - Relatórios/Auditoria Geral - Tutoriais StayCloud e Conexões do Obsidian - 2026-07-28.md,relatório,03 - Tutoriais/Produção em Lote/Painel Novo/Tutoriais Corretos V2/00 - BACKLOG DE IDEIAS.md,demanda,INCERTA,0.45,Documentos auditados,sugerir revisão/limpeza,sem evidência suficiente no contexto local do link,médio,revisar manualmente,Agente Governança do Viny Brain,sim,needs_review,abaixo do limite de confiança automática ou depende de avaliação semântica humana,,/home/vinicius-alves/viny-brain-backups/Conexoes Obsidian/Onda 1 - 2026-08-06
06 - Relatórios/Auditoria Geral - Tutoriais StayCloud e Conexões do Obsidian - 2026-07-28.md,relatório,03 - Tutoriais/Produção em Lote/Painel Novo/Tutoriais Corretos V2/00 - ÍNDICE DOS TUTORIAIS.md,índice,GENÉRICA,0.58,Documentos auditados,sugerir revisão/limpeza,link para hub amplo fora de seção claramente navegacional,médio,substituir por link ao MOC,Agente Governança do Viny Brain,sim,needs_review,abaixo do limite de confiança automática ou depende de avaliação semântica humana,,/home/vinicius-alves/viny-brain-backups/Conexoes Obsidian/Onda 1 - 2026-08-06
06 - Relatórios/Auditoria Geral - Tutoriais StayCloud e Conexões do Obsidian - 2026-07-28.md,relatório,14 - Histórico Codex/Checkpoint Atual.md,checkpoint,HISTÓRICO OU RASTREABILIDADE,0.74,Documentos auditados,sugerir revisão/limpeza,vínculo de sessão/checkpoint/histórico,médio,mover para seção de histórico,Agente Governança do Viny Brain,sim,needs_review,abaixo do limite de confiança automática ou depende de avaliação semântica humana,,/home/vinicius-alves/viny-brain-backups/Conexoes Obsidian/Onda 1 - 2026-08-06
06 - Relatórios/Auditoria Geral - Tutoriais StayCloud e Conexões do Obsidian - 2026-07-28.md,relatório,17 - Viny Flow/01 - Agentes/Agente Visual e Prints.md,agente,REDUNDANTE,0.95,Duplicações,sugerir revisão/limpeza,link duplicado dentro da mesma nota,baixo,consolidar link duplicado,Agente Governança do Viny Brain,sim,needs_review,abaixo do limite de confiança automática ou depende de avaliação semântica humana,,/home/vinicius-alves/viny-brain-backups/Conexoes Obsidian/Onda 1 - 2026-08-06
06 - Relatórios/Auditoria Geral - Tutoriais StayCloud e Conexões do Obsidian - 2026-07-28.md,relatório,03 - Tutoriais/Checklist SEO Rank Math StayCloud.md,classificação incerta,REDUNDANTE,0.95,Duplicações,sugerir revisão/limpeza,link duplicado dentro da mesma nota,baixo,consolidar link duplicado,Agente Governança do Viny Brain,sim,needs_review,abaixo do limite de confiança automática ou depende de avaliação semântica humana,,/home/vinicius-alves/viny-brain-backups/Conexoes Obsidian/Onda 1 - 2026-08-06
06 - Relatórios/Auditoria Geral - Tutoriais StayCloud e Conexões do Obsidian - 2026-07-28.md,relatório,03 - Tutoriais/Checklist Final - Revisão antes do WordPress.md,tutorial,REDUNDANTE,0.95,Duplicações,sugerir revisão/limpeza,link duplicado dentro da mesma nota,baixo,consolidar link duplicado,Agente Governança do Viny Brain,sim,needs_review,abaixo do limite de confiança automática ou depende de avaliação semântica humana,,/home/vinicius-alves/viny-brain-backups/Conexoes Obsidian/Onda 1 - 2026-08-06
06 - Relatórios/Auditoria Geral - Tutoriais StayCloud e Conexões do Obsidian - 2026-07-28.md,relatório,03 - Tutoriais/Estudos de Padrão StayCloud/Guia de Padrão - Tutoriais StayCloud Painel Novo.md,tutorial,INCERTA,0.45,Duplicações,sugerir revisão/limpeza,sem evidência suficiente no contexto local do link,médio,revisar manualmente,Agente Governança do Viny Brain,sim,needs_review,abaixo do limite de confiança automática ou depende de avaliação semântica humana,,/home/vinicius-alves/viny-brain-backups/Conexoes Obsidian/Onda 1 - 2026-08-06
06 - Relatórios/Auditoria Geral - Tutoriais StayCloud e Conexões do Obsidian - 2026-07-28.md,relatório,00 - Mapas/MOC - Tutoriais StayCloud.md,MOC ou mapa,REDUNDANTE,0.95,Correções aplicadas,sugerir revisão/limpeza,link duplicado dentro da mesma nota,baixo,consolidar link duplicado,Agente Governança do Viny Brain,sim,needs_review,abaixo do limite de confiança automática ou depende de avaliação semântica humana,,/home/vinicius-alves/viny-brain-backups/Conexoes Obsidian/Onda 1 - 2026-08-06
06 - Relatórios/Auditoria Geral - Tutoriais StayCloud e Conexões do Obsidian - 2026-07-28.md,relatório,00 - Mapas/Painel Operacional - Viny Brain.md,MOC ou mapa,REDUNDANTE,0.95,Correções aplicadas,sugerir revisão/limpeza,link duplicado dentro da mesma nota,baixo,consolidar link duplicado,Agente Governança do Viny Brain,sim,needs_review,abaixo do limite de confiança automática ou depende de avaliação semântica humana,,/home/vinicius-alves/viny-brain-backups/Conexoes Obsidian/Onda 1 - 2026-08-06
06 - Relatórios/Auditoria Geral - Tutoriais StayCloud e Conexões do Obsidian - 2026-07-28.md,relatório,00 - Mapas/MOC - Viny Brain.md,MOC ou mapa,REDUNDANTE,0.95,Correções aplicadas,sugerir revisão/limpeza,link duplicado dentro da mesma nota,baixo,consolidar link duplicado,Agente Governança do Viny Brain,sim,needs_review,abaixo do limite de confiança automática ou depende de avaliação semântica humana,,/home/vinicius-alves/viny-brain-backups/Conexoes Obsidian/Onda 1 - 2026-08-06
06 - Relatórios/Auditoria Geral - Tutoriais StayCloud e Conexões do Obsidian - 2026-07-28.md,relatório,17 - Viny Flow/01 - Agentes/Agente Auditor.md,agente,REDUNDANTE,0.95,Correções aplicadas,sugerir revisão/limpeza,link duplicado dentro da mesma nota,baixo,consolidar link duplicado,Agente Governança do Viny Brain,sim,needs_review,abaixo do limite de confiança automática ou depende de avaliação semântica humana,,/home/vinicius-alves/viny-brain-backups/Conexoes Obsidian/Onda 1 - 2026-08-06
06 - Relatórios/Auditoria Geral - Tutoriais StayCloud e Conexões do Obsidian - 2026-07-28.md,relatório,17 - Viny Flow/01 - Agentes/Agente Visual e Prints.md,agente,REDUNDANTE,0.95,Correções aplicadas,sugerir revisão/limpeza,link duplicado dentro da mesma nota,baixo,consolidar link duplicado,Agente Governança do Viny Brain,sim,needs_review,abaixo do limite de confiança automática ou depende de avaliação semântica humana,,/home/vinicius-alves/viny-brain-backups/Conexoes Obsidian/Onda 1 - 2026-08-06
06 - Relatórios/Auditoria Geral - Tutoriais StayCloud e Conexões do Obsidian - 2026-07-28.md,relatório,17 - Viny Flow/03 - Comandos/Comandos Reutilizáveis.md,comando,REDUNDANTE,0.95,Correções aplicadas,sugerir revisão/limpeza,link duplicado dentro da mesma nota,baixo,consolidar link duplicado,Agente Governança do Viny Brain,sim,needs_review,abaixo do limite de confiança automática ou depende de avaliação semântica humana,,/home/vinicius-alves/viny-brain-backups/Conexoes Obsidian/Onda 1 - 2026-08-06
06 - Relatórios/Auditoria Geral - Tutoriais StayCloud e Conexões do Obsidian - 2026-07-28.md,relatório,14 - Histórico Codex/Checkpoint Atual.md,checkpoint,REDUNDANTE,0.95,Correções aplicadas,sugerir revisão/limpeza,link duplicado dentro da mesma nota,baixo,consolidar link duplicado,Agente Governança do Viny Brain,sim,needs_review,abaixo do limite de confiança automática ou depende de avaliação semântica humana,,/home/vinicius-alves/viny-brain-backups/Conexoes Obsidian/Onda 1 - 2026-08-06
13 - Base de Conhecimento/00 - Índice/Mapa por Temas.md,MOC ou mapa,13 - Base de Conhecimento/01 - Playbooks/Checklist Inicial - StayCloud.md,tutorial,NAVEGAÇÃO,0.82,cPanel,manter,item listado em MOC/índice,baixo,manter,Agente Governança do Viny Brain,não,preserved,preservado por ser link forte/navegação/rastreabilidade ou sem autorização de remoção automática,,/home/vinicius-alves/viny-brain-backups/Conexoes Obsidian/Onda 1 - 2026-08-06
13 - Base de Conhecimento/00 - Índice/Mapa por Temas.md,MOC ou mapa,13 - Base de Conhecimento/01 - Playbooks/Como Acessar o Painel de Controle (cPanel).md,tutorial,NAVEGAÇÃO,0.82,cPanel,manter,item listado em MOC/índice,baixo,manter,Agente Governança do Viny Brain,não,preserved,preservado por ser link forte/navegação/rastreabilidade ou sem autorização de remoção automática,,/home/vinicius-alves/viny-brain-backups/Conexoes Obsidian/Onda 1 - 2026-08-06
13 - Base de Conhecimento/00 - Índice/Mapa por Temas.md,MOC ou mapa,13 - Base de Conhecimento/01 - Playbooks/Criação de Banco de Dados (cPanel).md,tutorial,NAVEGAÇÃO,0.82,cPanel,manter,item listado em MOC/índice,baixo,manter,Agente Governança do Viny Brain,não,preserved,preservado por ser link forte/navegação/rastreabilidade ou sem autorização de remoção automática,,/home/vinicius-alves/viny-brain-backups/Conexoes Obsidian/Onda 1 - 2026-08-06
13 - Base de Conhecimento/00 - Índice/Mapa por Temas.md,MOC ou mapa,13 - Base de Conhecimento/01 - Playbooks/Ajustes de Limites  de Upload  no Cpanel.md,tutorial,NAVEGAÇÃO,0.82,cPanel,manter,item listado em MOC/índice,baixo,manter,Agente Governança do Viny Brain,não,preserved,preservado por ser link forte/navegação/rastreabilidade ou sem autorização de remoção automática,,/home/vinicius-alves/viny-brain-backups/Conexoes Obsidian/Onda 1 - 2026-08-06
13 - Base de Conhecimento/00 - Índice/Mapa por Temas.md,MOC ou mapa,13 - Base de Conhecimento/01 - Playbooks/Gestão de Limite de Envios de E-mail (cPanel).md,tutorial,NAVEGAÇÃO,0.82,cPanel,manter,item listado em MOC/índice,baixo,manter,Agente Governança do Viny Brain,não,preserved,preservado por ser link forte/navegação/rastreabilidade ou sem autorização de remoção automática,,/home/vinicius-alves/viny-brain-backups/Conexoes Obsidian/Onda 1 - 2026-08-06
13 - Base de Conhecimento/00 - Índice/Mapa por Temas.md,MOC ou mapa,13 - Base de Conhecimento/01 - Playbooks/Procedimento de Acesso a Contas de E-mail via cPanel.md,processo,NAVEGAÇÃO,0.82,cPanel,manter,item listado em MOC/índice,baixo,manter,Agente Governança do Viny Brain,não,preserved,preservado por ser link forte/navegação/rastreabilidade ou sem autorização de remoção automática,,/home/vinicius-alves/viny-brain-backups/Conexoes Obsidian/Onda 1 - 2026-08-06
13 - Base de Conhecimento/00 - Índice/Mapa por Temas.md,MOC ou mapa,13 - Base de Conhecimento/01 - Playbooks/Erro de Curl Timeout ao Acessar cPanel.md,tutorial,NAVEGAÇÃO,0.82,cPanel,manter,item listado em MOC/índice,baixo,manter,Agente Governança do Viny Brain,não,preserved,preservado por ser link forte/navegação/rastreabilidade ou sem autorização de remoção automática,,/home/vinicius-alves/viny-brain-backups/Conexoes Obsidian/Onda 1 - 2026-08-06
13 - Base de Conhecimento/00 - Índice/Mapa por Temas.md,MOC ou mapa,13 - Base de Conhecimento/01 - Playbooks/Entendendo o WHM (WebHost Manager).md,tutorial,NAVEGAÇÃO,0.82,Hospedagem e aplicação,manter,item listado em MOC/índice,baixo,manter,Agente Governança do Viny Brain,não,preserved,preservado por ser link forte/navegação/rastreabilidade ou sem autorização de remoção automática,,/home/vinicius-alves/viny-brain-backups/Conexoes Obsidian/Onda 1 - 2026-08-06
13 - Base de Conhecimento/00 - Índice/Mapa por Temas.md,MOC ou mapa,13 - Base de Conhecimento/01 - Playbooks/Como Acessar o Painel de Controle (cPanel).md,tutorial,REDUNDANTE,0.95,Hospedagem e aplicação,sugerir revisão/limpeza,link duplicado dentro da mesma nota,baixo,consolidar link duplicado,Agente Governança do Viny Brain,sim,needs_review,abaixo do limite de confiança automática ou depende de avaliação semântica humana,,/home/vinicius-alves/viny-brain-backups/Conexoes Obsidian/Onda 1 - 2026-08-06
13 - Base de Conhecimento/00 - Índice/Mapa por Temas.md,MOC ou mapa,13 - Base de Conhecimento/01 - Playbooks/Criação de Banco de Dados (cPanel).md,tutorial,REDUNDANTE,0.95,Hospedagem e aplicação,sugerir revisão/limpeza,link duplicado dentro da mesma nota,baixo,consolidar link duplicado,Agente Governança do Viny Brain,sim,needs_review,abaixo do limite de confiança automática ou depende de avaliação semântica humana,,/home/vinicius-alves/viny-brain-backups/Conexoes Obsidian/Onda 1 - 2026-08-06
13 - Base de Conhecimento/00 - Índice/Mapa por Temas.md,MOC ou mapa,13 - Base de Conhecimento/01 - Playbooks/Ajustes de Limites  de Upload  no Cpanel.md,tutorial,REDUNDANTE,0.95,Hospedagem e aplicação,sugerir revisão/limpeza,link duplicado dentro da mesma nota,baixo,consolidar link duplicado,Agente Governança do Viny Brain,sim,needs_review,abaixo do limite de confiança automática ou depende de avaliação semântica humana,,/home/vinicius-alves/viny-brain-backups/Conexoes Obsidian/Onda 1 - 2026-08-06
13 - Base de Conhecimento/00 - Índice/Mapa por Temas.md,MOC ou mapa,13 - Base de Conhecimento/01 - Playbooks/Erro de Curl Timeout ao Acessar cPanel.md,tutorial,REDUNDANTE,0.95,Hospedagem e aplicação,sugerir revisão/limpeza,link duplicado dentro da mesma nota,baixo,consolidar link duplicado,Agente Governança do Viny Brain,sim,needs_review,abaixo do limite de confiança automática ou depende de avaliação semântica humana,,/home/vinicius-alves/viny-brain-backups/Conexoes Obsidian/Onda 1 - 2026-08-06
13 - Base de Conhecimento/00 - Índice/Mapa por Temas.md,MOC ou mapa,13 - Base de Conhecimento/01 - Playbooks/Restauração do Core do WordPress (Automatico).md,tutorial,NAVEGAÇÃO,0.82,Hospedagem e aplicação,manter,item listado em MOC/índice,baixo,manter,Agente Governança do Viny Brain,não,preserved,preservado por ser link forte/navegação/rastreabilidade ou sem autorização de remoção automática,,/home/vinicius-alves/viny-brain-backups/Conexoes Obsidian/Onda 1 - 2026-08-06
13 - Base de Conhecimento/00 - Índice/Mapa por Temas.md,MOC ou mapa,13 - Base de Conhecimento/01 - Playbooks/Voltar do MultiPHP Manager (cPanel) para o PHP Selector (CloudLinux).md,tutorial,NAVEGAÇÃO,0.82,Hospedagem e aplicação,manter,item listado em MOC/índice,baixo,manter,Agente Governança do Viny Brain,não,preserved,preservado por ser link forte/navegação/rastreabilidade ou sem autorização de remoção automática,,/home/vinicius-alves/viny-brain-backups/Conexoes Obsidian/Onda 1 - 2026-08-06
13 - Base de Conhecimento/00 - Índice/Mapa por Temas.md,MOC ou mapa,13 - Base de Conhecimento/01 - Playbooks/Como acessar o WHM(WebHost Manager).md,tutorial,NAVEGAÇÃO,0.82,Hospedagem e aplicação,manter,item listado em MOC/índice,baixo,manter,Agente Governança do Viny Brain,não,preserved,preservado por ser link forte/navegação/rastreabilidade ou sem autorização de remoção automática,,/home/vinicius-alves/viny-brain-backups/Conexoes Obsidian/Onda 1 - 2026-08-06
13 - Base de Conhecimento/00 - Índice/Mapa por Temas.md,MOC ou mapa,13 - Base de Conhecimento/01 - Playbooks/Gerenciamento de Extensões PHP via PHP Selector.md,tutorial,NAVEGAÇÃO,0.82,Hospedagem e aplicação,manter,item listado em MOC/índice,baixo,manter,Agente Governança do Viny Brain,não,preserved,preservado por ser link forte/navegação/rastreabilidade ou sem autorização de remoção automática,,/home/vinicius-alves/viny-brain-backups/Conexoes Obsidian/Onda 1 - 2026-08-06
13 - Base de Conhecimento/00 - Índice/Mapa por Temas.md,MOC ou mapa,13 - Base de Conhecimento/01 - Playbooks/Ativação de Logs de Erro PHP (cPanel).md,tutorial,NAVEGAÇÃO,0.82,Hospedagem e aplicação,manter,item listado em MOC/índice,baixo,manter,Agente Governança do Viny Brain,não,preserved,preservado por ser link forte/navegação/rastreabilidade ou sem autorização de remoção automática,,/home/vinicius-alves/viny-brain-backups/Conexoes Obsidian/Onda 1 - 2026-08-06
13 - Base de Conhecimento/00 - Índice/Mapa por Temas.md,MOC ou mapa,13 - Base de Conhecimento/01 - Playbooks/Instalação Manual do Core do WordPress.md,processo,NAVEGAÇÃO,0.82,Hospedagem e aplicação,manter,item listado em MOC/índice,baixo,manter,Agente Governança do Viny Brain,não,preserved,preservado por ser link forte/navegação/rastreabilidade ou sem autorização de remoção automática,,/home/vinicius-alves/viny-brain-backups/Conexoes Obsidian/Onda 1 - 2026-08-06
13 - Base de Conhecimento/00 - Índice/Mapa por Temas.md,MOC ou mapa,13 - Base de Conhecimento/01 - Playbooks/Como Instalar o WordPress.md,tutorial,NAVEGAÇÃO,0.82,Hospedagem e aplicação,manter,item listado em MOC/índice,baixo,manter,Agente Governança do Viny Brain,não,preserved,preservado por ser link forte/navegação/rastreabilidade ou sem autorização de remoção automática,,/home/vinicius-alves/viny-brain-backups/Conexoes Obsidian/Onda 1 - 2026-08-06
13 - Base de Conhecimento/00 - Índice/Mapa por Temas.md,MOC ou mapa,13 - Base de Conhecimento/01 - Playbooks/Alteração de Senha do WordPress via phpMyAdmin.md,tutorial,NAVEGAÇÃO,0.82,Hospedagem e aplicação,manter,item listado em MOC/índice,baixo,manter,Agente Governança do Viny Brain,não,preserved,preservado por ser link forte/navegação/rastreabilidade ou sem autorização de remoção automática,,/home/vinicius-alves/viny-brain-backups/Conexoes Obsidian/Onda 1 - 2026-08-06
13 - Base de Conhecimento/00 - Índice/Mapa por Temas.md,MOC ou mapa,13 - Base de Conhecimento/01 - Playbooks/Erro Crítico  no WordPress.md,processo,NAVEGAÇÃO,0.82,Hospedagem e aplicação,manter,item listado em MOC/índice,baixo,manter,Agente Governança do Viny Brain,não,preserved,preservado por ser link forte/navegação/rastreabilidade ou sem autorização de remoção automática,,/home/vinicius-alves/viny-brain-backups/Conexoes Obsidian/Onda 1 - 2026-08-06
13 - Base de Conhecimento/00 - Índice/Mapa por Temas.md,MOC ou mapa,13 - Base de Conhecimento/01 - Playbooks/Voltar do MultiPHP Manager (cPanel) para o PHP Selector (CloudLinux).md,tutorial,REDUNDANTE,0.95,cPanel / Hospedagem,sugerir revisão/limpeza,link duplicado dentro da mesma nota,baixo,consolidar link duplicado,Agente Governança do Viny Brain,sim,needs_review,abaixo do limite de confiança automática ou depende de avaliação semântica humana,,/home/vinicius-alves/viny-brain-backups/Conexoes Obsidian/Onda 1 - 2026-08-06
13 - Base de Conhecimento/00 - Índice/Mapa por Temas.md,MOC ou mapa,13 - Base de Conhecimento/01 - Playbooks/Instalação Manual do Core do WordPress.md,processo,REDUNDANTE,0.95,cPanel / Hospedagem,sugerir revisão/limpeza,link duplicado dentro da mesma nota,baixo,consolidar link duplicado,Agente Governança do Viny Brain,sim,needs_review,abaixo do limite de confiança automática ou depende de avaliação semântica humana,,/home/vinicius-alves/viny-brain-backups/Conexoes Obsidian/Onda 1 - 2026-08-06
13 - Base de Conhecimento/00 - Índice/Mapa por Temas.md,MOC ou mapa,13 - Base de Conhecimento/01 - Playbooks/Como acessar o WHM(WebHost Manager).md,tutorial,REDUNDANTE,0.95,cPanel / Hospedagem,sugerir revisão/limpeza,link duplicado dentro da mesma nota,baixo,consolidar link duplicado,Agente Governança do Viny Brain,sim,needs_review,abaixo do limite de confiança automática ou depende de avaliação semântica humana,,/home/vinicius-alves/viny-brain-backups/Conexoes Obsidian/Onda 1 - 2026-08-06
13 - Base de Conhecimento/00 - Índice/Mapa por Temas.md,MOC ou mapa,13 - Base de Conhecimento/01 - Playbooks/Gerenciamento de Extensões PHP via PHP Selector.md,tutorial,REDUNDANTE,0.95,cPanel / Hospedagem,sugerir revisão/limpeza,link duplicado dentro da mesma nota,baixo,consolidar link duplicado,Agente Governança do Viny Brain,sim,needs_review,abaixo do limite de confiança automática ou depende de avaliação semântica humana,,/home/vinicius-alves/viny-brain-backups/Conexoes Obsidian/Onda 1 - 2026-08-06
13 - Base de Conhecimento/00 - Índice/Mapa por Temas.md,MOC ou mapa,13 - Base de Conhecimento/01 - Playbooks/Erro Crítico  no WordPress.md,processo,REDUNDANTE,0.95,cPanel / Hospedagem,sugerir revisão/limpeza,link duplicado dentro da mesma nota,baixo,consolidar link duplicado,Agente Governança do Viny Brain,sim,needs_review,abaixo do limite de confiança automática ou depende de avaliação semântica humana,,/home/vinicius-alves/viny-brain-backups/Conexoes Obsidian/Onda 1 - 2026-08-06
13 - Base de Conhecimento/00 - Índice/Mapa por Temas.md,MOC ou mapa,13 - Base de Conhecimento/01 - Playbooks/Alteração de Senha do WordPress via phpMyAdmin.md,tutorial,REDUNDANTE,0.95,cPanel / Hospedagem,sugerir revisão/limpeza,link duplicado dentro da mesma nota,baixo,consolidar link duplicado,Agente Governança do Viny Brain,sim,needs_review,abaixo do limite de confiança automática ou depende de avaliação semântica humana,,/home/vinicius-alves/viny-brain-backups/Conexoes Obsidian/Onda 1 - 2026-08-06
13 - Base de Conhecimento/00 - Índice/Mapa por Temas.md,MOC ou mapa,13 - Base de Conhecimento/01 - Playbooks/Como Instalar o WordPress.md,tutorial,REDUNDANTE,0.95,cPanel / Hospedagem,sugerir revisão/limpeza,link duplicado dentro da mesma nota,baixo,consolidar link duplicado,Agente Governança do Viny Brain,sim,needs_review,abaixo do limite de confiança automática ou depende de avaliação semântica humana,,/home/vinicius-alves/viny-brain-backups/Conexoes Obsidian/Onda 1 - 2026-08-06
13 - Base de Conhecimento/00 - Índice/Mapa por Temas.md,MOC ou mapa,13 - Base de Conhecimento/01 - Playbooks/Identificação de Usuários cPanel via CLI (/etc/userdomains).md,tutorial,NAVEGAÇÃO,0.82,cPanel / Hospedagem,manter,item listado em MOC/índice,baixo,manter,Agente Governança do Viny Brain,não,preserved,preservado por ser link forte/navegação/rastreabilidade ou sem autorização de remoção automática,,/home/vinicius-alves/viny-brain-backups/Conexoes Obsidian/Onda 1 - 2026-08-06
13 - Base de Conhecimento/00 - Índice/Mapa por Temas.md,MOC ou mapa,13 - Base de Conhecimento/01 - Playbooks/Alerta Atualização de Versão do PHP.md,tutorial,NAVEGAÇÃO,0.82,cPanel / Hospedagem,manter,item listado em MOC/índice,baixo,manter,Agente Governança do Viny Brain,não,preserved,preservado por ser link forte/navegação/rastreabilidade ou sem autorização de remoção automática,,/home/vinicius-alves/viny-brain-backups/Conexoes Obsidian/Onda 1 - 2026-08-06
13 - Base de Conhecimento/00 - Índice/Mapa por Temas.md,MOC ou mapa,13 - Base de Conhecimento/01 - Playbooks/Conversão de Domínio de Complemento em Conta (WHM).md,tutorial,NAVEGAÇÃO,0.82,WHM / WHMCS,manter,item listado em MOC/índice,baixo,manter,Agente Governança do Viny Brain,não,preserved,preservado por ser link forte/navegação/rastreabilidade ou sem autorização de remoção automática,,/home/vinicius-alves/viny-brain-backups/Conexoes Obsidian/Onda 1 - 2026-08-06
13 - Base de Conhecimento/00 - Índice/Mapa por Temas.md,MOC ou mapa,13 - Base de Conhecimento/01 - Playbooks/Abertura de Fatura para Renovação de Domínio.md,tutorial,NAVEGAÇÃO,0.82,WHM / WHMCS,manter,item listado em MOC/índice,baixo,manter,Agente Governança do Viny Brain,não,preserved,preservado por ser link forte/navegação/rastreabilidade ou sem autorização de remoção automática,,/home/vinicius-alves/viny-brain-backups/Conexoes Obsidian/Onda 1 - 2026-08-06
13 - Base de Conhecimento/00 - Índice/Mapa por Temas.md,MOC ou mapa,13 - Base de Conhecimento/01 - Playbooks/Como Renovar o Domínio.md,tutorial,NAVEGAÇÃO,0.82,WHM / WHMCS,manter,item listado em MOC/índice,baixo,manter,Agente Governança do Viny Brain,não,preserved,preservado por ser link forte/navegação/rastreabilidade ou sem autorização de remoção automática,,/home/vinicius-alves/viny-brain-backups/Conexoes Obsidian/Onda 1 - 2026-08-06
13 - Base de Conhecimento/00 - Índice/Mapa por Temas.md,MOC ou mapa,13 - Base de Conhecimento/01 - Playbooks/Checklist Inicial - StayCloud.md,tutorial,REDUNDANTE,0.95,WHM / WHMCS,sugerir revisão/limpeza,link duplicado dentro da mesma nota,baixo,consolidar link duplicado,Agente Governança do Viny Brain,sim,needs_review,abaixo do limite de confiança automática ou depende de avaliação semântica humana,,/home/vinicius-alves/viny-brain-backups/Conexoes Obsidian/Onda 1 - 2026-08-06
13 - Base de Conhecimento/00 - Índice/Mapa por Temas.md,MOC ou mapa,13 - Base de Conhecimento/01 - Playbooks/Entendendo o WHM (WebHost Manager).md,tutorial,REDUNDANTE,0.95,WHM / WHMCS,sugerir revisão/limpeza,link duplicado dentro da mesma nota,baixo,consolidar link duplicado,Agente Governança do Viny Brain,sim,needs_review,abaixo do limite de confiança automática ou depende de avaliação semântica humana,,/home/vinicius-alves/viny-brain-backups/Conexoes Obsidian/Onda 1 - 2026-08-06
13 - Base de Conhecimento/00 - Índice/Mapa por Temas.md,MOC ou mapa,13 - Base de Conhecimento/01 - Playbooks/Voltar do MultiPHP Manager (cPanel) para o PHP Selector (CloudLinux).md,tutorial,REDUNDANTE,0.95,WHM / WHMCS,sugerir revisão/limpeza,link duplicado dentro da mesma nota,baixo,consolidar link duplicado,Agente Governança do Viny Brain,sim,needs_review,abaixo do limite de confiança automática ou depende de avaliação semântica humana,,/home/vinicius-alves/viny-brain-backups/Conexoes Obsidian/Onda 1 - 2026-08-06
13 - Base de Conhecimento/00 - Índice/Mapa por Temas.md,MOC ou mapa,13 - Base de Conhecimento/01 - Playbooks/Como acessar o WHM(WebHost Manager).md,tutorial,REDUNDANTE,0.95,WHM / WHMCS,sugerir revisão/limpeza,link duplicado dentro da mesma nota,baixo,consolidar link duplicado,Agente Governança do Viny Brain,sim,needs_review,abaixo do limite de confiança automática ou depende de avaliação semântica humana,,/home/vinicius-alves/viny-brain-backups/Conexoes Obsidian/Onda 1 - 2026-08-06
13 - Base de Conhecimento/00 - Índice/Mapa por Temas.md,MOC ou mapa,13 - Base de Conhecimento/01 - Playbooks/Checklist Inicial - StayCloud.md,tutorial,REDUNDANTE,0.95,WordPress,sugerir revisão/limpeza,link duplicado dentro da mesma nota,baixo,consolidar link duplicado,Agente Governança do Viny Brain,sim,needs_review,abaixo do limite de confiança automática ou depende de avaliação semântica humana,,/home/vinicius-alves/viny-brain-backups/Conexoes Obsidian/Onda 1 - 2026-08-06
13 - Base de Conhecimento/00 - Índice/Mapa por Temas.md,MOC ou mapa,13 - Base de Conhecimento/01 - Playbooks/Conversão de Domínio de Complemento em Conta (WHM).md,tutorial,REDUNDANTE,0.95,WordPress,sugerir revisão/limpeza,link duplicado dentro da mesma nota,baixo,consolidar link duplicado,Agente Governança do Viny Brain,sim,needs_review,abaixo do limite de confiança automática ou depende de avaliação semântica humana,,/home/vinicius-alves/viny-brain-backups/Conexoes Obsidian/Onda 1 - 2026-08-06
13 - Base de Conhecimento/00 - Índice/Mapa por Temas.md,MOC ou mapa,13 - Base de Conhecimento/01 - Playbooks/Como Acessar o Painel de Controle (cPanel).md,tutorial,REDUNDANTE,0.95,WordPress,sugerir revisão/limpeza,link duplicado dentro da mesma nota,baixo,consolidar link duplicado,Agente Governança do Viny Brain,sim,needs_review,abaixo do limite de confiança automática ou depende de avaliação semântica humana,,/home/vinicius-alves/viny-brain-backups/Conexoes Obsidian/Onda 1 - 2026-08-06
13 - Base de Conhecimento/00 - Índice/Mapa por Temas.md,MOC ou mapa,13 - Base de Conhecimento/01 - Playbooks/Criação de Banco de Dados (cPanel).md,tutorial,REDUNDANTE,0.95,WordPress,sugerir revisão/limpeza,link duplicado dentro da mesma nota,baixo,consolidar link duplicado,Agente Governança do Viny Brain,sim,needs_review,abaixo do limite de confiança automática ou depende de avaliação semântica humana,,/home/vinicius-alves/viny-brain-backups/Conexoes Obsidian/Onda 1 - 2026-08-06
13 - Base de Conhecimento/00 - Índice/Mapa por Temas.md,MOC ou mapa,13 - Base de Conhecimento/01 - Playbooks/Instalação Manual do Core do WordPress.md,processo,REDUNDANTE,0.95,WordPress,sugerir revisão/limpeza,link duplicado dentro da mesma nota,baixo,consolidar link duplicado,Agente Governança do Viny Brain,sim,needs_review,abaixo do limite de confiança automática ou depende de avaliação semântica humana,,/home/vinicius-alves/viny-brain-backups/Conexoes Obsidian/Onda 1 - 2026-08-06
13 - Base de Conhecimento/00 - Índice/Mapa por Temas.md,MOC ou mapa,13 - Base de Conhecimento/01 - Playbooks/Restauração do Core do WordPress (Automatico).md,tutorial,REDUNDANTE,0.95,WordPress,sugerir revisão/limpeza,link duplicado dentro da mesma nota,baixo,consolidar link duplicado,Agente Governança do Viny Brain,sim,needs_review,abaixo do limite de confiança automática ou depende de avaliação semântica humana,,/home/vinicius-alves/viny-brain-backups/Conexoes Obsidian/Onda 1 - 2026-08-06
13 - Base de Conhecimento/00 - Índice/Mapa por Temas.md,MOC ou mapa,13 - Base de Conhecimento/01 - Playbooks/Erro Crítico  no WordPress.md,processo,REDUNDANTE,0.95,WordPress,sugerir revisão/limpeza,link duplicado dentro da mesma nota,baixo,consolidar link duplicado,Agente Governança do Viny Brain,sim,needs_review,abaixo do limite de confiança automática ou depende de avaliação semântica humana,,/home/vinicius-alves/viny-brain-backups/Conexoes Obsidian/Onda 1 - 2026-08-06
13 - Base de Conhecimento/00 - Índice/Mapa por Temas.md,MOC ou mapa,13 - Base de Conhecimento/01 - Playbooks/Alteração de Senha do WordPress via phpMyAdmin.md,tutorial,REDUNDANTE,0.95,WordPress,sugerir revisão/limpeza,link duplicado dentro da mesma nota,baixo,consolidar link duplicado,Agente Governança do Viny Brain,sim,needs_review,abaixo do limite de confiança automática ou depende de avaliação semântica humana,,/home/vinicius-alves/viny-brain-backups/Conexoes Obsidian/Onda 1 - 2026-08-06
13 - Base de Conhecimento/00 - Índice/Mapa por Temas.md,MOC ou mapa,13 - Base de Conhecimento/01 - Playbooks/Como Instalar o WordPress.md,tutorial,REDUNDANTE,0.95,WordPress,sugerir revisão/limpeza,link duplicado dentro da mesma nota,baixo,consolidar link duplicado,Agente Governança do Viny Brain,sim,needs_review,abaixo do limite de confiança automática ou depende de avaliação semântica humana,,/home/vinicius-alves/viny-brain-backups/Conexoes Obsidian/Onda 1 - 2026-08-06
13 - Base de Conhecimento/00 - Índice/Mapa por Temas.md,MOC ou mapa,13 - Base de Conhecimento/01 - Playbooks/Diagnóstico Rápido - WordPress Erro Crítico e Core.md,processo,NAVEGAÇÃO,0.82,WordPress,manter,item listado em MOC/índice,baixo,manter,Agente Governança do Viny Brain,não,preserved,preservado por ser link forte/navegação/rastreabilidade ou sem autorização de remoção automática,,/home/vinicius-alves/viny-brain-backups/Conexoes Obsidian/Onda 1 - 2026-08-06
13 - Base de Conhecimento/00 - Índice/Mapa por Temas.md,MOC ou mapa,13 - Base de Conhecimento/01 - Playbooks/Otimização de Cache na Cloudflare.md,tutorial,NAVEGAÇÃO,0.82,Cloudflare,manter,item listado em MOC/índice,baixo,manter,Agente Governança do Viny Brain,não,preserved,preservado por ser link forte/navegação/rastreabilidade ou sem autorização de remoção automática,,/home/vinicius-alves/viny-brain-backups/Conexoes Obsidian/Onda 1 - 2026-08-06
13 - Base de Conhecimento/00 - Índice/Mapa por Temas.md,MOC ou mapa,13 - Base de Conhecimento/01 - Playbooks/Como configurar o balancemaento de carga no cloudflare.md,tutorial,NAVEGAÇÃO,0.82,Cloudflare,manter,item listado em MOC/índice,baixo,manter,Agente Governança do Viny Brain,não,preserved,preservado por ser link forte/navegação/rastreabilidade ou sem autorização de remoção automática,,/home/vinicius-alves/viny-brain-backups/Conexoes Obsidian/Onda 1 - 2026-08-06
13 - Base de Conhecimento/00 - Índice/Mapa por Temas.md,MOC ou mapa,13 - Base de Conhecimento/01 - Playbooks/Resolução de Verificação de Acesso via Cloudflare.md,processo,NAVEGAÇÃO,0.82,Cloudflare,manter,item listado em MOC/índice,baixo,manter,Agente Governança do Viny Brain,não,preserved,preservado por ser link forte/navegação/rastreabilidade ou sem autorização de remoção automática,,/home/vinicius-alves/viny-brain-backups/Conexoes Obsidian/Onda 1 - 2026-08-06
13 - Base de Conhecimento/00 - Índice/Mapa por Temas.md,MOC ou mapa,13 - Base de Conhecimento/01 - Playbooks/Conferência de Certificado SSL.md,processo,NAVEGAÇÃO,0.82,SSL / HTTPS,manter,item listado em MOC/índice,baixo,manter,Agente Governança do Viny Brain,não,preserved,preservado por ser link forte/navegação/rastreabilidade ou sem autorização de remoção automática,,/home/vinicius-alves/viny-brain-backups/Conexoes Obsidian/Onda 1 - 2026-08-06
13 - Base de Conhecimento/00 - Índice/Mapa por Temas.md,MOC ou mapa,13 - Base de Conhecimento/01 - Playbooks/Diagnóstico Rápido - SSL DNS e Cloudflare.md,processo,NAVEGAÇÃO,0.82,SSL / HTTPS,manter,item listado em MOC/índice,baixo,manter,Agente Governança do Viny Brain,não,preserved,preservado por ser link forte/navegação/rastreabilidade ou sem autorização de remoção automática,,/home/vinicius-alves/viny-brain-backups/Conexoes Obsidian/Onda 1 - 2026-08-06
13 - Base de Conhecimento/00 - Índice/Mapa por Temas.md,MOC ou mapa,13 - Base de Conhecimento/01 - Playbooks/Guia Interno Staycloud - Apontamentos DNS.md,processo,NAVEGAÇÃO,0.82,DNS e Domínios,manter,item listado em MOC/índice,baixo,manter,Agente Governança do Viny Brain,não,preserved,preservado por ser link forte/navegação/rastreabilidade ou sem autorização de remoção automática,,/home/vinicius-alves/viny-brain-backups/Conexoes Obsidian/Onda 1 - 2026-08-06
13 - Base de Conhecimento/00 - Índice/Mapa por Temas.md,MOC ou mapa,13 - Base de Conhecimento/01 - Playbooks/Resolução de Conflitos de DNS de E-mail.md,processo,NAVEGAÇÃO,0.82,DNS e Domínios,manter,item listado em MOC/índice,baixo,manter,Agente Governança do Viny Brain,não,preserved,preservado por ser link forte/navegação/rastreabilidade ou sem autorização de remoção automática,,/home/vinicius-alves/viny-brain-backups/Conexoes Obsidian/Onda 1 - 2026-08-06
13 - Base de Conhecimento/00 - Índice/Mapa por Temas.md,MOC ou mapa,13 - Base de Conhecimento/01 - Playbooks/Como Renovar o Domínio.md,tutorial,REDUNDANTE,0.95,DNS e Domínios,sugerir revisão/limpeza,link duplicado dentro da mesma nota,baixo,consolidar link duplicado,Agente Governança do Viny Brain,sim,needs_review,abaixo do limite de confiança automática ou depende de avaliação semântica humana,,/home/vinicius-alves/viny-brain-backups/Conexoes Obsidian/Onda 1 - 2026-08-06
13 - Base de Conhecimento/00 - Índice/Mapa por Temas.md,MOC ou mapa,13 - Base de Conhecimento/01 - Playbooks/Abertura de Fatura para Renovação de Domínio.md,tutorial,REDUNDANTE,0.95,DNS e Domínios,sugerir revisão/limpeza,link duplicado dentro da mesma nota,baixo,consolidar link duplicado,Agente Governança do Viny Brain,sim,needs_review,abaixo do limite de confiança automática ou depende de avaliação semântica humana,,/home/vinicius-alves/viny-brain-backups/Conexoes Obsidian/Onda 1 - 2026-08-06
13 - Base de Conhecimento/00 - Índice/Mapa por Temas.md,MOC ou mapa,13 - Base de Conhecimento/01 - Playbooks/Conversão de Domínio de Complemento em Conta (WHM).md,tutorial,REDUNDANTE,0.95,DNS e Domínios,sugerir revisão/limpeza,link duplicado dentro da mesma nota,baixo,consolidar link duplicado,Agente Governança do Viny Brain,sim,needs_review,abaixo do limite de confiança automática ou depende de avaliação semântica humana,,/home/vinicius-alves/viny-brain-backups/Conexoes Obsidian/Onda 1 - 2026-08-06
13 - Base de Conhecimento/00 - Índice/Mapa por Temas.md,MOC ou mapa,13 - Base de Conhecimento/01 - Playbooks/Checklist Inicial - StayCloud.md,tutorial,REDUNDANTE,0.95,DNS e Domínios,sugerir revisão/limpeza,link duplicado dentro da mesma nota,baixo,consolidar link duplicado,Agente Governança do Viny Brain,sim,needs_review,abaixo do limite de confiança automática ou depende de avaliação semântica humana,,/home/vinicius-alves/viny-brain-backups/Conexoes Obsidian/Onda 1 - 2026-08-06
13 - Base de Conhecimento/00 - Índice/Mapa por Temas.md,MOC ou mapa,13 - Base de Conhecimento/01 - Playbooks/Domínio com Erro 403.md,processo,NAVEGAÇÃO,0.82,DNS e Domínios,manter,item listado em MOC/índice,baixo,manter,Agente Governança do Viny Brain,não,preserved,preservado por ser link forte/navegação/rastreabilidade ou sem autorização de remoção automática,,/home/vinicius-alves/viny-brain-backups/Conexoes Obsidian/Onda 1 - 2026-08-06
13 - Base de Conhecimento/00 - Índice/Mapa por Temas.md,MOC ou mapa,13 - Base de Conhecimento/01 - Playbooks/Domínio com Erro 503.md,processo,NAVEGAÇÃO,0.82,DNS e Domínios,manter,item listado em MOC/índice,baixo,manter,Agente Governança do Viny Brain,não,preserved,preservado por ser link forte/navegação/rastreabilidade ou sem autorização de remoção automática,,/home/vinicius-alves/viny-brain-backups/Conexoes Obsidian/Onda 1 - 2026-08-06
13 - Base de Conhecimento/00 - Índice/Mapa por Temas.md,MOC ou mapa,13 - Base de Conhecimento/01 - Playbooks/Configuração de Novo Domínio.md,tutorial,NAVEGAÇÃO,0.82,DNS e Domínios,manter,item listado em MOC/índice,baixo,manter,Agente Governança do Viny Brain,não,preserved,preservado por ser link forte/navegação/rastreabilidade ou sem autorização de remoção automática,,/home/vinicius-alves/viny-brain-backups/Conexoes Obsidian/Onda 1 - 2026-08-06
13 - Base de Conhecimento/00 - Índice/Mapa por Temas.md,MOC ou mapa,13 - Base de Conhecimento/00 - Índice/Índice Geral.md,índice,NAVEGAÇÃO,0.82,DNS e Domínios,manter,item listado em MOC/índice,baixo,manter,Agente Governança do Viny Brain,não,preserved,preservado por ser link forte/navegação/rastreabilidade ou sem autorização de remoção automática,,/home/vinicius-alves/viny-brain-backups/Conexoes Obsidian/Onda 1 - 2026-08-06
13 - Base de Conhecimento/00 - Índice/Mapa por Temas.md,MOC ou mapa,13 - Base de Conhecimento/01 - Playbooks/Apontamento Local via Arquivo hosts no Linux.md,tutorial,NAVEGAÇÃO,0.82,DNS e Domínios,manter,item listado em MOC/índice,baixo,manter,Agente Governança do Viny Brain,não,preserved,preservado por ser link forte/navegação/rastreabilidade ou sem autorização de remoção automática,,/home/vinicius-alves/viny-brain-backups/Conexoes Obsidian/Onda 1 - 2026-08-06
13 - Base de Conhecimento/00 - Índice/Mapa por Temas.md,MOC ou mapa,13 - Base de Conhecimento/01 - Playbooks/Localização e Edição do Arquivo Hosts (Windows vs Server).md,tutorial,NAVEGAÇÃO,0.82,DNS e Domínios,manter,item listado em MOC/índice,baixo,manter,Agente Governança do Viny Brain,não,preserved,preservado por ser link forte/navegação/rastreabilidade ou sem autorização de remoção automática,,/home/vinicius-alves/viny-brain-backups/Conexoes Obsidian/Onda 1 - 2026-08-06
13 - Base de Conhecimento/00 - Índice/Mapa por Temas.md,MOC ou mapa,13 - Base de Conhecimento/01 - Playbooks/Diagnóstico Rápido - SSL DNS e Cloudflare.md,processo,REDUNDANTE,0.95,DNS e Domínios,sugerir revisão/limpeza,link duplicado dentro da mesma nota,baixo,consolidar link duplicado,Agente Governança do Viny Brain,sim,needs_review,abaixo do limite de confiança automática ou depende de avaliação semântica humana,,/home/vinicius-alves/viny-brain-backups/Conexoes Obsidian/Onda 1 - 2026-08-06
13 - Base de Conhecimento/00 - Índice/Mapa por Temas.md,MOC ou mapa,13 - Base de Conhecimento/01 - Playbooks/Diagnóstico Rápido - WordPress Erro Crítico e Core.md,processo,REDUNDANTE,0.95,DNS e Domínios,sugerir revisão/limpeza,link duplicado dentro da mesma nota,baixo,consolidar link duplicado,Agente Governança do Viny Brain,sim,needs_review,abaixo do limite de confiança automática ou depende de avaliação semântica humana,,/home/vinicius-alves/viny-brain-backups/Conexoes Obsidian/Onda 1 - 2026-08-06
13 - Base de Conhecimento/00 - Índice/Mapa por Temas.md,MOC ou mapa,13 - Base de Conhecimento/01 - Playbooks/Tela do Imunify360 Carregando antes de Abrir o Site ou Liberação de Domínio no WebShield.md,tutorial,NAVEGAÇÃO,0.82,Segurança / WebShield,manter,item listado em MOC/índice,baixo,manter,Agente Governança do Viny Brain,não,preserved,preservado por ser link forte/navegação/rastreabilidade ou sem autorização de remoção automática,,/home/vinicius-alves/viny-brain-backups/Conexoes Obsidian/Onda 1 - 2026-08-06
13 - Base de Conhecimento/00 - Índice/Mapa por Temas.md,MOC ou mapa,13 - Base de Conhecimento/01 - Playbooks/Gestão de Limite de Envios de E-mail (cPanel).md,tutorial,REDUNDANTE,0.95,E-mail,sugerir revisão/limpeza,link duplicado dentro da mesma nota,baixo,consolidar link duplicado,Agente Governança do Viny Brain,sim,needs_review,abaixo do limite de confiança automática ou depende de avaliação semântica humana,,/home/vinicius-alves/viny-brain-backups/Conexoes Obsidian/Onda 1 - 2026-08-06
13 - Base de Conhecimento/00 - Índice/Mapa por Temas.md,MOC ou mapa,13 - Base de Conhecimento/01 - Playbooks/Procedimento de Acesso a Contas de E-mail via cPanel.md,processo,REDUNDANTE,0.95,E-mail,sugerir revisão/limpeza,link duplicado dentro da mesma nota,baixo,consolidar link duplicado,Agente Governança do Viny Brain,sim,needs_review,abaixo do limite de confiança automática ou depende de avaliação semântica humana,,/home/vinicius-alves/viny-brain-backups/Conexoes Obsidian/Onda 1 - 2026-08-06
13 - Base de Conhecimento/00 - Índice/Mapa por Temas.md,MOC ou mapa,13 - Base de Conhecimento/01 - Playbooks/Resolução de Conflitos de DNS de E-mail.md,processo,REDUNDANTE,0.95,E-mail,sugerir revisão/limpeza,link duplicado dentro da mesma nota,baixo,consolidar link duplicado,Agente Governança do Viny Brain,sim,needs_review,abaixo do limite de confiança automática ou depende de avaliação semântica humana,,/home/vinicius-alves/viny-brain-backups/Conexoes Obsidian/Onda 1 - 2026-08-06
13 - Base de Conhecimento/00 - Índice/Mapa por Temas.md,MOC ou mapa,13 - Base de Conhecimento/01 - Playbooks/Checklist Inicial - StayCloud.md,tutorial,REDUNDANTE,0.95,E-mail,sugerir revisão/limpeza,link duplicado dentro da mesma nota,baixo,consolidar link duplicado,Agente Governança do Viny Brain,sim,needs_review,abaixo do limite de confiança automática ou depende de avaliação semântica humana,,/home/vinicius-alves/viny-brain-backups/Conexoes Obsidian/Onda 1 - 2026-08-06
13 - Base de Conhecimento/00 - Índice/Mapa por Temas.md,MOC ou mapa,13 - Base de Conhecimento/01 - Playbooks/Diagnóstico Rápido - E-mail DNS Spam e Migração.md,processo,NAVEGAÇÃO,0.82,E-mail,manter,item listado em MOC/índice,baixo,manter,Agente Governança do Viny Brain,não,preserved,preservado por ser link forte/navegação/rastreabilidade ou sem autorização de remoção automática,,/home/vinicius-alves/viny-brain-backups/Conexoes Obsidian/Onda 1 - 2026-08-06
13 - Base de Conhecimento/00 - Índice/Mapa por Temas.md,MOC ou mapa,13 - Base de Conhecimento/01 - Playbooks/Limitação das Caixas de E-mails.md,tutorial,NAVEGAÇÃO,0.82,E-mail e entrega,manter,item listado em MOC/índice,baixo,manter,Agente Governança do Viny Brain,não,preserved,preservado por ser link forte/navegação/rastreabilidade ou sem autorização de remoção automática,,/home/vinicius-alves/viny-brain-backups/Conexoes Obsidian/Onda 1 - 2026-08-06
13 - Base de Conhecimento/00 - Índice/Mapa por Temas.md,MOC ou mapa,13 - Base de Conhecimento/01 - Playbooks/Restauração de Contas de E-mails via JetBackup 5.md,tutorial,NAVEGAÇÃO,0.82,E-mail e entrega,manter,item listado em MOC/índice,baixo,manter,Agente Governança do Viny Brain,não,preserved,preservado por ser link forte/navegação/rastreabilidade ou sem autorização de remoção automática,,/home/vinicius-alves/viny-brain-backups/Conexoes Obsidian/Onda 1 - 2026-08-06
13 - Base de Conhecimento/00 - Índice/Mapa por Temas.md,MOC ou mapa,13 - Base de Conhecimento/01 - Playbooks/Apontamento de E-mail para StayCloud (Site Externo).md,tutorial,NAVEGAÇÃO,0.82,E-mail e entrega,manter,item listado em MOC/índice,baixo,manter,Agente Governança do Viny Brain,não,preserved,preservado por ser link forte/navegação/rastreabilidade ou sem autorização de remoção automática,,/home/vinicius-alves/viny-brain-backups/Conexoes Obsidian/Onda 1 - 2026-08-06
13 - Base de Conhecimento/00 - Índice/Mapa por Temas.md,MOC ou mapa,13 - Base de Conhecimento/01 - Playbooks/Rastreamento de E-mails via CLI (Exim Mainlog).md,tutorial,NAVEGAÇÃO,0.82,E-mail e entrega,manter,item listado em MOC/índice,baixo,manter,Agente Governança do Viny Brain,não,preserved,preservado por ser link forte/navegação/rastreabilidade ou sem autorização de remoção automática,,/home/vinicius-alves/viny-brain-backups/Conexoes Obsidian/Onda 1 - 2026-08-06
13 - Base de Conhecimento/00 - Índice/Mapa por Temas.md,MOC ou mapa,13 - Base de Conhecimento/01 - Playbooks/Diagnóstico de Autenticação de E-mail via CLI (/var/log/maillog).md,tutorial,NAVEGAÇÃO,0.82,E-mail e entrega,manter,item listado em MOC/índice,baixo,manter,Agente Governança do Viny Brain,não,preserved,preservado por ser link forte/navegação/rastreabilidade ou sem autorização de remoção automática,,/home/vinicius-alves/viny-brain-backups/Conexoes Obsidian/Onda 1 - 2026-08-06
13 - Base de Conhecimento/00 - Índice/Mapa por Temas.md,MOC ou mapa,13 - Base de Conhecimento/01 - Playbooks/Migração de E-mails.md,processo,NAVEGAÇÃO,0.82,E-mail e entrega,manter,item listado em MOC/índice,baixo,manter,Agente Governança do Viny Brain,não,preserved,preservado por ser link forte/navegação/rastreabilidade ou sem autorização de remoção automática,,/home/vinicius-alves/viny-brain-backups/Conexoes Obsidian/Onda 1 - 2026-08-06
13 - Base de Conhecimento/00 - Índice/Mapa por Temas.md,MOC ou mapa,13 - Base de Conhecimento/01 - Playbooks/Gestão de Limite de Envios de E-mail (cPanel).md,tutorial,REDUNDANTE,0.95,E-mail e entrega,sugerir revisão/limpeza,link duplicado dentro da mesma nota,baixo,consolidar link duplicado,Agente Governança do Viny Brain,sim,needs_review,abaixo do limite de confiança automática ou depende de avaliação semântica humana,,/home/vinicius-alves/viny-brain-backups/Conexoes Obsidian/Onda 1 - 2026-08-06
13 - Base de Conhecimento/00 - Índice/Mapa por Temas.md,MOC ou mapa,13 - Base de Conhecimento/01 - Playbooks/Procedimento de Acesso a Contas de E-mail via cPanel.md,processo,REDUNDANTE,0.95,E-mail e entrega,sugerir revisão/limpeza,link duplicado dentro da mesma nota,baixo,consolidar link duplicado,Agente Governança do Viny Brain,sim,needs_review,abaixo do limite de confiança automática ou depende de avaliação semântica humana,,/home/vinicius-alves/viny-brain-backups/Conexoes Obsidian/Onda 1 - 2026-08-06
13 - Base de Conhecimento/00 - Índice/Mapa por Temas.md,MOC ou mapa,13 - Base de Conhecimento/01 - Playbooks/Resolução de Conflitos de DNS de E-mail.md,processo,REDUNDANTE,0.95,E-mail e entrega,sugerir revisão/limpeza,link duplicado dentro da mesma nota,baixo,consolidar link duplicado,Agente Governança do Viny Brain,sim,needs_review,abaixo do limite de confiança automática ou depende de avaliação semântica humana,,/home/vinicius-alves/viny-brain-backups/Conexoes Obsidian/Onda 1 - 2026-08-06
13 - Base de Conhecimento/00 - Índice/Mapa por Temas.md,MOC ou mapa,13 - Base de Conhecimento/01 - Playbooks/Diagnóstico Rápido - E-mail DNS Spam e Migração.md,processo,REDUNDANTE,0.95,E-mail e entrega,sugerir revisão/limpeza,link duplicado dentro da mesma nota,baixo,consolidar link duplicado,Agente Governança do Viny Brain,sim,needs_review,abaixo do limite de confiança automática ou depende de avaliação semântica humana,,/home/vinicius-alves/viny-brain-backups/Conexoes Obsidian/Onda 1 - 2026-08-06
13 - Base de Conhecimento/00 - Índice/Mapa por Temas.md,MOC ou mapa,13 - Base de Conhecimento/01 - Playbooks/Checklist Inicial - StayCloud.md,tutorial,REDUNDANTE,0.95,Backups / JetBackup,sugerir revisão/limpeza,link duplicado dentro da mesma nota,baixo,consolidar link duplicado,Agente Governança do Viny Brain,sim,needs_review,abaixo do limite de confiança automática ou depende de avaliação semântica humana,,/home/vinicius-alves/viny-brain-backups/Conexoes Obsidian/Onda 1 - 2026-08-06
13 - Base de Conhecimento/00 - Índice/Mapa por Temas.md,MOC ou mapa,13 - Base de Conhecimento/00 - Índice/Como usar a Base de Conhecimento.md,índice,NAVEGAÇÃO,0.82,Backups / JetBackup,manter,item listado em MOC/índice,baixo,manter,Agente Governança do Viny Brain,não,preserved,preservado por ser link forte/navegação/rastreabilidade ou sem autorização de remoção automática,,/home/vinicius-alves/viny-brain-backups/Conexoes Obsidian/Onda 1 - 2026-08-06
13 - Base de Conhecimento/00 - Índice/Mapa por Temas.md,MOC ou mapa,13 - Base de Conhecimento/01 - Playbooks/Política de Retenção e Gestão de Backups (JetBackup).md,tutorial,NAVEGAÇÃO,0.82,Backups / JetBackup,manter,item listado em MOC/índice,baixo,manter,Agente Governança do Viny Brain,não,preserved,preservado por ser link forte/navegação/rastreabilidade ou sem autorização de remoção automática,,/home/vinicius-alves/viny-brain-backups/Conexoes Obsidian/Onda 1 - 2026-08-06
13 - Base de Conhecimento/00 - Índice/Mapa por Temas.md,MOC ou mapa,13 - Base de Conhecimento/01 - Playbooks/Higienização de Storage e Remoção de Backups Obsoletos.md,tutorial,NAVEGAÇÃO,0.82,Backups / JetBackup,manter,item listado em MOC/índice,baixo,manter,Agente Governança do Viny Brain,não,preserved,preservado por ser link forte/navegação/rastreabilidade ou sem autorização de remoção automática,,/home/vinicius-alves/viny-brain-backups/Conexoes Obsidian/Onda 1 - 2026-08-06
13 - Base de Conhecimento/00 - Índice/Mapa por Temas.md,MOC ou mapa,13 - Base de Conhecimento/01 - Playbooks/Restauração do Core do WordPress (Automatico).md,tutorial,REDUNDANTE,0.95,Backups / JetBackup,sugerir revisão/limpeza,link duplicado dentro da mesma nota,baixo,consolidar link duplicado,Agente Governança do Viny Brain,sim,needs_review,abaixo do limite de confiança automática ou depende de avaliação semântica humana,,/home/vinicius-alves/viny-brain-backups/Conexoes Obsidian/Onda 1 - 2026-08-06
13 - Base de Conhecimento/00 - Índice/Mapa por Temas.md,MOC ou mapa,13 - Base de Conhecimento/01 - Playbooks/Restauração de Contas de E-mails via JetBackup 5.md,tutorial,REDUNDANTE,0.95,Backups / JetBackup,sugerir revisão/limpeza,link duplicado dentro da mesma nota,baixo,consolidar link duplicado,Agente Governança do Viny Brain,sim,needs_review,abaixo do limite de confiança automática ou depende de avaliação semântica humana,,/home/vinicius-alves/viny-brain-backups/Conexoes Obsidian/Onda 1 - 2026-08-06
13 - Base de Conhecimento/00 - Índice/Mapa por Temas.md,MOC ou mapa,13 - Base de Conhecimento/01 - Playbooks/Resolução de Falha de Conexão SSH na VPS.md,tutorial,NAVEGAÇÃO,0.82,VPS / SSH / Linux,manter,item listado em MOC/índice,baixo,manter,Agente Governança do Viny Brain,não,preserved,preservado por ser link forte/navegação/rastreabilidade ou sem autorização de remoção automática,,/home/vinicius-alves/viny-brain-backups/Conexoes Obsidian/Onda 1 - 2026-08-06
13 - Base de Conhecimento/00 - Índice/Mapa por Temas.md,MOC ou mapa,13 - Base de Conhecimento/01 - Playbooks/Instalação de Aplicações via Terminal Linux.md,tutorial,NAVEGAÇÃO,0.82,VPS / SSH / Linux,manter,item listado em MOC/índice,baixo,manter,Agente Governança do Viny Brain,não,preserved,preservado por ser link forte/navegação/rastreabilidade ou sem autorização de remoção automática,,/home/vinicius-alves/viny-brain-backups/Conexoes Obsidian/Onda 1 - 2026-08-06
13 - Base de Conhecimento/00 - Índice/Mapa por Temas.md,MOC ou mapa,13 - Base de Conhecimento/01 - Playbooks/Verificação de Disponibilidade e Conectividade VPS.md,tutorial,NAVEGAÇÃO,0.82,VPS / SSH / Linux,manter,item listado em MOC/índice,baixo,manter,Agente Governança do Viny Brain,não,preserved,preservado por ser link forte/navegação/rastreabilidade ou sem autorização de remoção automática,,/home/vinicius-alves/viny-brain-backups/Conexoes Obsidian/Onda 1 - 2026-08-06
13 - Base de Conhecimento/00 - Índice/Mapa por Temas.md,MOC ou mapa,13 - Base de Conhecimento/01 - Playbooks/Navegação em Sistemas de Arquivos Linux.md,tutorial,NAVEGAÇÃO,0.82,VPS / SSH / Linux,manter,item listado em MOC/índice,baixo,manter,Agente Governança do Viny Brain,não,preserved,preservado por ser link forte/navegação/rastreabilidade ou sem autorização de remoção automática,,/home/vinicius-alves/viny-brain-backups/Conexoes Obsidian/Onda 1 - 2026-08-06
13 - Base de Conhecimento/00 - Índice/Mapa por Temas.md,MOC ou mapa,13 - Base de Conhecimento/01 - Playbooks/Como acessar e navegar na VPS com EasyPanel.md,tutorial,NAVEGAÇÃO,0.82,VPS / SSH / Linux,manter,item listado em MOC/índice,baixo,manter,Agente Governança do Viny Brain,não,preserved,preservado por ser link forte/navegação/rastreabilidade ou sem autorização de remoção automática,,/home/vinicius-alves/viny-brain-backups/Conexoes Obsidian/Onda 1 - 2026-08-06
13 - Base de Conhecimento/00 - Índice/Mapa por Temas.md,MOC ou mapa,"13 - Base de Conhecimento/01 - Playbooks/Funções do Painel da VPS, ligar, desligar, reiniciar e reinstalar o SO.md",tutorial,NAVEGAÇÃO,0.82,VPS / SSH / Linux,manter,item listado em MOC/índice,baixo,manter,Agente Governança do Viny Brain,não,preserved,preservado por ser link forte/navegação/rastreabilidade ou sem autorização de remoção automática,,/home/vinicius-alves/viny-brain-backups/Conexoes Obsidian/Onda 1 - 2026-08-06
13 - Base de Conhecimento/00 - Índice/Mapa por Temas.md,MOC ou mapa,13 - Base de Conhecimento/01 - Playbooks/Como usar o comando cd no linux.md,tutorial,NAVEGAÇÃO,0.82,VPS / SSH / Linux,manter,item listado em MOC/índice,baixo,manter,Agente Governança do Viny Brain,não,preserved,preservado por ser link forte/navegação/rastreabilidade ou sem autorização de remoção automática,,/home/vinicius-alves/viny-brain-backups/Conexoes Obsidian/Onda 1 - 2026-08-06
13 - Base de Conhecimento/00 - Índice/Mapa por Temas.md,MOC ou mapa,13 - Base de Conhecimento/01 - Playbooks/Especificações Técnicas e Segurança de Servidores VPS.md,tutorial,NAVEGAÇÃO,0.82,VPS / SSH / Linux,manter,item listado em MOC/índice,baixo,manter,Agente Governança do Viny Brain,não,preserved,preservado por ser link forte/navegação/rastreabilidade ou sem autorização de remoção automática,,/home/vinicius-alves/viny-brain-backups/Conexoes Obsidian/Onda 1 - 2026-08-06
13 - Base de Conhecimento/00 - Índice/Mapa por Temas.md,MOC ou mapa,13 - Base de Conhecimento/01 - Playbooks/Diagnóstico de Consumo de Disco via Terminal (/home).md,tutorial,NAVEGAÇÃO,0.82,VPS / SSH / Linux,manter,item listado em MOC/índice,baixo,manter,Agente Governança do Viny Brain,não,preserved,preservado por ser link forte/navegação/rastreabilidade ou sem autorização de remoção automática,,/home/vinicius-alves/viny-brain-backups/Conexoes Obsidian/Onda 1 - 2026-08-06
13 - Base de Conhecimento/00 - Índice/Mapa por Temas.md,MOC ou mapa,13 - Base de Conhecimento/01 - Playbooks/Apontamento Local via Arquivo hosts no Linux.md,tutorial,REDUNDANTE,0.95,VPS / SSH / Linux,sugerir revisão/limpeza,link duplicado dentro da mesma nota,baixo,consolidar link duplicado,Agente Governança do Viny Brain,sim,needs_review,abaixo do limite de confiança automática ou depende de avaliação semântica humana,,/home/vinicius-alves/viny-brain-backups/Conexoes Obsidian/Onda 1 - 2026-08-06
13 - Base de Conhecimento/00 - Índice/Mapa por Temas.md,MOC ou mapa,13 - Base de Conhecimento/01 - Playbooks/Checklist Inicial - StayCloud.md,tutorial,REDUNDANTE,0.95,Zendesk,sugerir revisão/limpeza,link duplicado dentro da mesma nota,baixo,consolidar link duplicado,Agente Governança do Viny Brain,sim,needs_review,abaixo do limite de confiança automática ou depende de avaliação semântica humana,,/home/vinicius-alves/viny-brain-backups/Conexoes Obsidian/Onda 1 - 2026-08-06
13 - Base de Conhecimento/00 - Índice/Mapa por Temas.md,MOC ou mapa,13 - Base de Conhecimento/00 - Índice/Como usar a Base de Conhecimento.md,índice,REDUNDANTE,0.95,Zendesk,sugerir revisão/limpeza,link duplicado dentro da mesma nota,baixo,consolidar link duplicado,Agente Governança do Viny Brain,sim,needs_review,abaixo do limite de confiança automática ou depende de avaliação semântica humana,,/home/vinicius-alves/viny-brain-backups/Conexoes Obsidian/Onda 1 - 2026-08-06
13 - Base de Conhecimento/00 - Índice/Mapa por Temas.md,MOC ou mapa,03 - Tutoriais/Tutoriais.md,classificação incerta,NAVEGAÇÃO,0.82,Base de Ajuda,manter,item listado em MOC/índice,baixo,manter,Agente Governança do Viny Brain,não,preserved,preservado por ser link forte/navegação/rastreabilidade ou sem autorização de remoção automática,,/home/vinicius-alves/viny-brain-backups/Conexoes Obsidian/Onda 1 - 2026-08-06
13 - Base de Conhecimento/00 - Índice/Mapa por Temas.md,MOC ou mapa,03 - Tutoriais/Modelo de tutorial.md,template,NAVEGAÇÃO,0.82,Base de Ajuda,manter,item listado em MOC/índice,baixo,manter,Agente Governança do Viny Brain,não,preserved,preservado por ser link forte/navegação/rastreabilidade ou sem autorização de remoção automática,,/home/vinicius-alves/viny-brain-backups/Conexoes Obsidian/Onda 1 - 2026-08-06
13 - Base de Conhecimento/00 - Índice/Mapa por Temas.md,MOC ou mapa,03 - Tutoriais/Checklist de tutorial.md,tutorial,NAVEGAÇÃO,0.82,Base de Ajuda,manter,item listado em MOC/índice,baixo,manter,Agente Governança do Viny Brain,não,preserved,preservado por ser link forte/navegação/rastreabilidade ou sem autorização de remoção automática,,/home/vinicius-alves/viny-brain-backups/Conexoes Obsidian/Onda 1 - 2026-08-06
13 - Base de Conhecimento/00 - Índice/Mapa por Temas.md,MOC ou mapa,03 - Tutoriais/Tutoriais.md,classificação incerta,REDUNDANTE,0.95,Tutoriais para cliente,sugerir revisão/limpeza,link duplicado dentro da mesma nota,baixo,consolidar link duplicado,Agente Governança do Viny Brain,sim,needs_review,abaixo do limite de confiança automática ou depende de avaliação semântica humana,,/home/vinicius-alves/viny-brain-backups/Conexoes Obsidian/Onda 1 - 2026-08-06
13 - Base de Conhecimento/00 - Índice/Mapa por Temas.md,MOC ou mapa,03 - Tutoriais/Modelo de tutorial.md,template,REDUNDANTE,0.95,Tutoriais para cliente,sugerir revisão/limpeza,link duplicado dentro da mesma nota,baixo,consolidar link duplicado,Agente Governança do Viny Brain,sim,needs_review,abaixo do limite de confiança automática ou depende de avaliação semântica humana,,/home/vinicius-alves/viny-brain-backups/Conexoes Obsidian/Onda 1 - 2026-08-06
13 - Base de Conhecimento/00 - Índice/Mapa por Temas.md,MOC ou mapa,03 - Tutoriais/Checklist de tutorial.md,tutorial,REDUNDANTE,0.95,Tutoriais para cliente,sugerir revisão/limpeza,link duplicado dentro da mesma nota,baixo,consolidar link duplicado,Agente Governança do Viny Brain,sim,needs_review,abaixo do limite de confiança automática ou depende de avaliação semântica humana,,/home/vinicius-alves/viny-brain-backups/Conexoes Obsidian/Onda 1 - 2026-08-06
13 - Base de Conhecimento/00 - Índice/Índice Geral.md,índice,13 - Base de Conhecimento/01 - Playbooks/Abertura de Fatura para Renovação de Domínio.md,tutorial,NAVEGAÇÃO,0.82,Navegação Rápida,manter,item listado em MOC/índice,baixo,manter,Agente Governança do Viny Brain,não,preserved,preservado por ser link forte/navegação/rastreabilidade ou sem autorização de remoção automática,,/home/vinicius-alves/viny-brain-backups/Conexoes Obsidian/Onda 1 - 2026-08-06
13 - Base de Conhecimento/00 - Índice/Índice Geral.md,índice,13 - Base de Conhecimento/01 - Playbooks/Ajustes de Limites  de Upload  no Cpanel.md,tutorial,NAVEGAÇÃO,0.82,Navegação Rápida,manter,item listado em MOC/índice,baixo,manter,Agente Governança do Viny Brain,não,preserved,preservado por ser link forte/navegação/rastreabilidade ou sem autorização de remoção automática,,/home/vinicius-alves/viny-brain-backups/Conexoes Obsidian/Onda 1 - 2026-08-06
13 - Base de Conhecimento/00 - Índice/Índice Geral.md,índice,13 - Base de Conhecimento/01 - Playbooks/Checklist Inicial - StayCloud.md,tutorial,NAVEGAÇÃO,0.82,Navegação Rápida,manter,item listado em MOC/índice,baixo,manter,Agente Governança do Viny Brain,não,preserved,preservado por ser link forte/navegação/rastreabilidade ou sem autorização de remoção automática,,/home/vinicius-alves/viny-brain-backups/Conexoes Obsidian/Onda 1 - 2026-08-06
13 - Base de Conhecimento/00 - Índice/Índice Geral.md,índice,13 - Base de Conhecimento/01 - Playbooks/Como Acessar o Painel de Controle (cPanel).md,tutorial,NAVEGAÇÃO,0.82,Navegação Rápida,manter,item listado em MOC/índice,baixo,manter,Agente Governança do Viny Brain,não,preserved,preservado por ser link forte/navegação/rastreabilidade ou sem autorização de remoção automática,,/home/vinicius-alves/viny-brain-backups/Conexoes Obsidian/Onda 1 - 2026-08-06
13 - Base de Conhecimento/00 - Índice/Índice Geral.md,índice,13 - Base de Conhecimento/01 - Playbooks/Como Renovar o Domínio.md,tutorial,NAVEGAÇÃO,0.82,Navegação Rápida,manter,item listado em MOC/índice,baixo,manter,Agente Governança do Viny Brain,não,preserved,preservado por ser link forte/navegação/rastreabilidade ou sem autorização de remoção automática,,/home/vinicius-alves/viny-brain-backups/Conexoes Obsidian/Onda 1 - 2026-08-06
13 - Base de Conhecimento/00 - Índice/Índice Geral.md,índice,13 - Base de Conhecimento/01 - Playbooks/Conversão de Domínio de Complemento em Conta (WHM).md,tutorial,NAVEGAÇÃO,0.82,Navegação Rápida,manter,item listado em MOC/índice,baixo,manter,Agente Governança do Viny Brain,não,preserved,preservado por ser link forte/navegação/rastreabilidade ou sem autorização de remoção automática,,/home/vinicius-alves/viny-brain-backups/Conexoes Obsidian/Onda 1 - 2026-08-06
13 - Base de Conhecimento/00 - Índice/Índice Geral.md,índice,13 - Base de Conhecimento/01 - Playbooks/Criação de Banco de Dados (cPanel).md,tutorial,NAVEGAÇÃO,0.82,Navegação Rápida,manter,item listado em MOC/índice,baixo,manter,Agente Governança do Viny Brain,não,preserved,preservado por ser link forte/navegação/rastreabilidade ou sem autorização de remoção automática,,/home/vinicius-alves/viny-brain-backups/Conexoes Obsidian/Onda 1 - 2026-08-06
13 - Base de Conhecimento/00 - Índice/Índice Geral.md,índice,13 - Base de Conhecimento/01 - Playbooks/Erro de Curl Timeout ao Acessar cPanel.md,tutorial,NAVEGAÇÃO,0.82,Navegação Rápida,manter,item listado em MOC/índice,baixo,manter,Agente Governança do Viny Brain,não,preserved,preservado por ser link forte/navegação/rastreabilidade ou sem autorização de remoção automática,,/home/vinicius-alves/viny-brain-backups/Conexoes Obsidian/Onda 1 - 2026-08-06
13 - Base de Conhecimento/00 - Índice/Índice Geral.md,índice,13 - Base de Conhecimento/01 - Playbooks/Entendendo o WHM (WebHost Manager).md,tutorial,NAVEGAÇÃO,0.82,Navegação Rápida,manter,item listado em MOC/índice,baixo,manter,Agente Governança do Viny Brain,não,preserved,preservado por ser link forte/navegação/rastreabilidade ou sem autorização de remoção automática,,/home/vinicius-alves/viny-brain-backups/Conexoes Obsidian/Onda 1 - 2026-08-06
13 - Base de Conhecimento/00 - Índice/Índice Geral.md,índice,13 - Base de Conhecimento/01 - Playbooks/Restauração do Core do WordPress (Automatico).md,tutorial,NAVEGAÇÃO,0.82,Navegação Rápida,manter,item listado em MOC/índice,baixo,manter,Agente Governança do Viny Brain,não,preserved,preservado por ser link forte/navegação/rastreabilidade ou sem autorização de remoção automática,,/home/vinicius-alves/viny-brain-backups/Conexoes Obsidian/Onda 1 - 2026-08-06
13 - Base de Conhecimento/00 - Índice/Índice Geral.md,índice,13 - Base de Conhecimento/01 - Playbooks/Voltar do MultiPHP Manager (cPanel) para o PHP Selector (CloudLinux).md,tutorial,NAVEGAÇÃO,0.82,Navegação Rápida,manter,item listado em MOC/índice,baixo,manter,Agente Governança do Viny Brain,não,preserved,preservado por ser link forte/navegação/rastreabilidade ou sem autorização de remoção automática,,/home/vinicius-alves/viny-brain-backups/Conexoes Obsidian/Onda 1 - 2026-08-06
13 - Base de Conhecimento/00 - Índice/Índice Geral.md,índice,13 - Base de Conhecimento/01 - Playbooks/Como acessar o WHM(WebHost Manager).md,tutorial,NAVEGAÇÃO,0.82,Navegação Rápida,manter,item listado em MOC/índice,baixo,manter,Agente Governança do Viny Brain,não,preserved,preservado por ser link forte/navegação/rastreabilidade ou sem autorização de remoção automática,,/home/vinicius-alves/viny-brain-backups/Conexoes Obsidian/Onda 1 - 2026-08-06
13 - Base de Conhecimento/00 - Índice/Índice Geral.md,índice,13 - Base de Conhecimento/01 - Playbooks/Gerenciamento de Extensões PHP via PHP Selector.md,tutorial,NAVEGAÇÃO,0.82,Navegação Rápida,manter,item listado em MOC/índice,baixo,manter,Agente Governança do Viny Brain,não,preserved,preservado por ser link forte/navegação/rastreabilidade ou sem autorização de remoção automática,,/home/vinicius-alves/viny-brain-backups/Conexoes Obsidian/Onda 1 - 2026-08-06
13 - Base de Conhecimento/00 - Índice/Índice Geral.md,índice,13 - Base de Conhecimento/01 - Playbooks/Instalação Manual do Core do WordPress.md,processo,NAVEGAÇÃO,0.82,Navegação Rápida,manter,item listado em MOC/índice,baixo,manter,Agente Governança do Viny Brain,não,preserved,preservado por ser link forte/navegação/rastreabilidade ou sem autorização de remoção automática,,/home/vinicius-alves/viny-brain-backups/Conexoes Obsidian/Onda 1 - 2026-08-06
13 - Base de Conhecimento/00 - Índice/Índice Geral.md,índice,13 - Base de Conhecimento/01 - Playbooks/Erro Crítico  no WordPress.md,processo,NAVEGAÇÃO,0.82,Navegação Rápida,manter,item listado em MOC/índice,baixo,manter,Agente Governança do Viny Brain,não,preserved,preservado por ser link forte/navegação/rastreabilidade ou sem autorização de remoção automática,,/home/vinicius-alves/viny-brain-backups/Conexoes Obsidian/Onda 1 - 2026-08-06
13 - Base de Conhecimento/00 - Índice/Índice Geral.md,índice,13 - Base de Conhecimento/01 - Playbooks/Alteração de Senha do WordPress via phpMyAdmin.md,tutorial,NAVEGAÇÃO,0.82,Navegação Rápida,manter,item listado em MOC/índice,baixo,manter,Agente Governança do Viny Brain,não,preserved,preservado por ser link forte/navegação/rastreabilidade ou sem autorização de remoção automática,,/home/vinicius-alves/viny-brain-backups/Conexoes Obsidian/Onda 1 - 2026-08-06
13 - Base de Conhecimento/00 - Índice/Índice Geral.md,índice,13 - Base de Conhecimento/01 - Playbooks/Como Instalar o WordPress.md,tutorial,NAVEGAÇÃO,0.82,Navegação Rápida,manter,item listado em MOC/índice,baixo,manter,Agente Governança do Viny Brain,não,preserved,preservado por ser link forte/navegação/rastreabilidade ou sem autorização de remoção automática,,/home/vinicius-alves/viny-brain-backups/Conexoes Obsidian/Onda 1 - 2026-08-06
13 - Base de Conhecimento/00 - Índice/Índice Geral.md,índice,13 - Base de Conhecimento/01 - Playbooks/Ativação de Logs de Erro PHP (cPanel).md,tutorial,NAVEGAÇÃO,0.82,Navegação Rápida,manter,item listado em MOC/índice,baixo,manter,Agente Governança do Viny Brain,não,preserved,preservado por ser link forte/navegação/rastreabilidade ou sem autorização de remoção automática,,/home/vinicius-alves/viny-brain-backups/Conexoes Obsidian/Onda 1 - 2026-08-06
13 - Base de Conhecimento/00 - Índice/Índice Geral.md,índice,13 - Base de Conhecimento/01 - Playbooks/Limitação das Caixas de E-mails.md,tutorial,NAVEGAÇÃO,0.82,Navegação Rápida,manter,item listado em MOC/índice,baixo,manter,Agente Governança do Viny Brain,não,preserved,preservado por ser link forte/navegação/rastreabilidade ou sem autorização de remoção automática,,/home/vinicius-alves/viny-brain-backups/Conexoes Obsidian/Onda 1 - 2026-08-06
13 - Base de Conhecimento/00 - Índice/Índice Geral.md,índice,13 - Base de Conhecimento/01 - Playbooks/Restauração de Contas de E-mails via JetBackup 5.md,tutorial,NAVEGAÇÃO,0.82,Navegação Rápida,manter,item listado em MOC/índice,baixo,manter,Agente Governança do Viny Brain,não,preserved,preservado por ser link forte/navegação/rastreabilidade ou sem autorização de remoção automática,,/home/vinicius-alves/viny-brain-backups/Conexoes Obsidian/Onda 1 - 2026-08-06
13 - Base de Conhecimento/00 - Índice/Índice Geral.md,índice,13 - Base de Conhecimento/01 - Playbooks/Apontamento de E-mail para StayCloud (Site Externo).md,tutorial,NAVEGAÇÃO,0.82,Navegação Rápida,manter,item listado em MOC/índice,baixo,manter,Agente Governança do Viny Brain,não,preserved,preservado por ser link forte/navegação/rastreabilidade ou sem autorização de remoção automática,,/home/vinicius-alves/viny-brain-backups/Conexoes Obsidian/Onda 1 - 2026-08-06
13 - Base de Conhecimento/00 - Índice/Índice Geral.md,índice,13 - Base de Conhecimento/01 - Playbooks/Rastreamento de E-mails via CLI (Exim Mainlog).md,tutorial,NAVEGAÇÃO,0.82,Navegação Rápida,manter,item listado em MOC/índice,baixo,manter,Agente Governança do Viny Brain,não,preserved,preservado por ser link forte/navegação/rastreabilidade ou sem autorização de remoção automática,,/home/vinicius-alves/viny-brain-backups/Conexoes Obsidian/Onda 1 - 2026-08-06
13 - Base de Conhecimento/00 - Índice/Índice Geral.md,índice,13 - Base de Conhecimento/01 - Playbooks/Diagnóstico de Autenticação de E-mail via CLI (/var/log/maillog).md,tutorial,NAVEGAÇÃO,0.82,Navegação Rápida,manter,item listado em MOC/índice,baixo,manter,Agente Governança do Viny Brain,não,preserved,preservado por ser link forte/navegação/rastreabilidade ou sem autorização de remoção automática,,/home/vinicius-alves/viny-brain-backups/Conexoes Obsidian/Onda 1 - 2026-08-06
13 - Base de Conhecimento/00 - Índice/Índice Geral.md,índice,13 - Base de Conhecimento/01 - Playbooks/Migração de E-mails.md,processo,NAVEGAÇÃO,0.82,Navegação Rápida,manter,item listado em MOC/índice,baixo,manter,Agente Governança do Viny Brain,não,preserved,preservado por ser link forte/navegação/rastreabilidade ou sem autorização de remoção automática,,/home/vinicius-alves/viny-brain-backups/Conexoes Obsidian/Onda 1 - 2026-08-06
13 - Base de Conhecimento/00 - Índice/Índice Geral.md,índice,13 - Base de Conhecimento/01 - Playbooks/Gestão de Limite de Envios de E-mail (cPanel).md,tutorial,NAVEGAÇÃO,0.82,Navegação Rápida,manter,item listado em MOC/índice,baixo,manter,Agente Governança do Viny Brain,não,preserved,preservado por ser link forte/navegação/rastreabilidade ou sem autorização de remoção automática,,/home/vinicius-alves/viny-brain-backups/Conexoes Obsidian/Onda 1 - 2026-08-06
13 - Base de Conhecimento/00 - Índice/Índice Geral.md,índice,13 - Base de Conhecimento/01 - Playbooks/Guia Interno Staycloud - Apontamentos DNS.md,processo,NAVEGAÇÃO,0.82,Navegação Rápida,manter,item listado em MOC/índice,baixo,manter,Agente Governança do Viny Brain,não,preserved,preservado por ser link forte/navegação/rastreabilidade ou sem autorização de remoção automática,,/home/vinicius-alves/viny-brain-backups/Conexoes Obsidian/Onda 1 - 2026-08-06
13 - Base de Conhecimento/00 - Índice/Índice Geral.md,índice,13 - Base de Conhecimento/01 - Playbooks/Instalação de Aplicações via Terminal Linux.md,tutorial,NAVEGAÇÃO,0.82,Navegação Rápida,manter,item listado em MOC/índice,baixo,manter,Agente Governança do Viny Brain,não,preserved,preservado por ser link forte/navegação/rastreabilidade ou sem autorização de remoção automática,,/home/vinicius-alves/viny-brain-backups/Conexoes Obsidian/Onda 1 - 2026-08-06
13 - Base de Conhecimento/00 - Índice/Índice Geral.md,índice,13 - Base de Conhecimento/01 - Playbooks/Otimização de Cache na Cloudflare.md,tutorial,NAVEGAÇÃO,0.82,Navegação Rápida,manter,item listado em MOC/índice,baixo,manter,Agente Governança do Viny Brain,não,preserved,preservado por ser link forte/navegação/rastreabilidade ou sem autorização de remoção automática,,/home/vinicius-alves/viny-brain-backups/Conexoes Obsidian/Onda 1 - 2026-08-06
13 - Base de Conhecimento/00 - Índice/Índice Geral.md,índice,13 - Base de Conhecimento/01 - Playbooks/Procedimento de Acesso a Contas de E-mail via cPanel.md,processo,NAVEGAÇÃO,0.82,Navegação Rápida,manter,item listado em MOC/índice,baixo,manter,Agente Governança do Viny Brain,não,preserved,preservado por ser link forte/navegação/rastreabilidade ou sem autorização de remoção automática,,/home/vinicius-alves/viny-brain-backups/Conexoes Obsidian/Onda 1 - 2026-08-06
13 - Base de Conhecimento/00 - Índice/Índice Geral.md,índice,13 - Base de Conhecimento/01 - Playbooks/Resolução de Conflitos de DNS de E-mail.md,processo,NAVEGAÇÃO,0.82,Navegação Rápida,manter,item listado em MOC/índice,baixo,manter,Agente Governança do Viny Brain,não,preserved,preservado por ser link forte/navegação/rastreabilidade ou sem autorização de remoção automática,,/home/vinicius-alves/viny-brain-backups/Conexoes Obsidian/Onda 1 - 2026-08-06
13 - Base de Conhecimento/00 - Índice/Índice Geral.md,índice,13 - Base de Conhecimento/01 - Playbooks/Resolução de Falha de Conexão SSH na VPS.md,tutorial,NAVEGAÇÃO,0.82,Navegação Rápida,manter,item listado em MOC/índice,baixo,manter,Agente Governança do Viny Brain,não,preserved,preservado por ser link forte/navegação/rastreabilidade ou sem autorização de remoção automática,,/home/vinicius-alves/viny-brain-backups/Conexoes Obsidian/Onda 1 - 2026-08-06
13 - Base de Conhecimento/00 - Índice/Índice Geral.md,índice,13 - Base de Conhecimento/01 - Playbooks/Domínio com Erro 403.md,processo,NAVEGAÇÃO,0.82,Navegação Rápida,manter,item listado em MOC/índice,baixo,manter,Agente Governança do Viny Brain,não,preserved,preservado por ser link forte/navegação/rastreabilidade ou sem autorização de remoção automática,,/home/vinicius-alves/viny-brain-backups/Conexoes Obsidian/Onda 1 - 2026-08-06
13 - Base de Conhecimento/00 - Índice/Índice Geral.md,índice,13 - Base de Conhecimento/01 - Playbooks/Domínio com Erro 503.md,processo,NAVEGAÇÃO,0.82,Navegação Rápida,manter,item listado em MOC/índice,baixo,manter,Agente Governança do Viny Brain,não,preserved,preservado por ser link forte/navegação/rastreabilidade ou sem autorização de remoção automática,,/home/vinicius-alves/viny-brain-backups/Conexoes Obsidian/Onda 1 - 2026-08-06
13 - Base de Conhecimento/00 - Índice/Índice Geral.md,índice,13 - Base de Conhecimento/01 - Playbooks/Como configurar o balancemaento de carga no cloudflare.md,tutorial,NAVEGAÇÃO,0.82,Navegação Rápida,manter,item listado em MOC/índice,baixo,manter,Agente Governança do Viny Brain,não,preserved,preservado por ser link forte/navegação/rastreabilidade ou sem autorização de remoção automática,,/home/vinicius-alves/viny-brain-backups/Conexoes Obsidian/Onda 1 - 2026-08-06
13 - Base de Conhecimento/00 - Índice/Índice Geral.md,índice,13 - Base de Conhecimento/01 - Playbooks/Conferência de Certificado SSL.md,processo,NAVEGAÇÃO,0.82,Navegação Rápida,manter,item listado em MOC/índice,baixo,manter,Agente Governança do Viny Brain,não,preserved,preservado por ser link forte/navegação/rastreabilidade ou sem autorização de remoção automática,,/home/vinicius-alves/viny-brain-backups/Conexoes Obsidian/Onda 1 - 2026-08-06
13 - Base de Conhecimento/00 - Índice/Índice Geral.md,índice,13 - Base de Conhecimento/01 - Playbooks/Configuração de Novo Domínio.md,tutorial,NAVEGAÇÃO,0.82,Navegação Rápida,manter,item listado em MOC/índice,baixo,manter,Agente Governança do Viny Brain,não,preserved,preservado por ser link forte/navegação/rastreabilidade ou sem autorização de remoção automática,,/home/vinicius-alves/viny-brain-backups/Conexoes Obsidian/Onda 1 - 2026-08-06
13 - Base de Conhecimento/00 - Índice/Índice Geral.md,índice,13 - Base de Conhecimento/01 - Playbooks/Resolução de Verificação de Acesso via Cloudflare.md,processo,NAVEGAÇÃO,0.82,Navegação Rápida,manter,item listado em MOC/índice,baixo,manter,Agente Governança do Viny Brain,não,preserved,preservado por ser link forte/navegação/rastreabilidade ou sem autorização de remoção automática,,/home/vinicius-alves/viny-brain-backups/Conexoes Obsidian/Onda 1 - 2026-08-06
13 - Base de Conhecimento/00 - Índice/Índice Geral.md,índice,13 - Base de Conhecimento/01 - Playbooks/Tela do Imunify360 Carregando antes de Abrir o Site ou Liberação de Domínio no WebShield.md,tutorial,NAVEGAÇÃO,0.82,Navegação Rápida,manter,item listado em MOC/índice,baixo,manter,Agente Governança do Viny Brain,não,preserved,preservado por ser link forte/navegação/rastreabilidade ou sem autorização de remoção automática,,/home/vinicius-alves/viny-brain-backups/Conexoes Obsidian/Onda 1 - 2026-08-06
13 - Base de Conhecimento/00 - Índice/Índice Geral.md,índice,13 - Base de Conhecimento/01 - Playbooks/Apontamento Local via Arquivo hosts no Linux.md,tutorial,NAVEGAÇÃO,0.82,Navegação Rápida,manter,item listado em MOC/índice,baixo,manter,Agente Governança do Viny Brain,não,preserved,preservado por ser link forte/navegação/rastreabilidade ou sem autorização de remoção automática,,/home/vinicius-alves/viny-brain-backups/Conexoes Obsidian/Onda 1 - 2026-08-06
13 - Base de Conhecimento/00 - Índice/Índice Geral.md,índice,13 - Base de Conhecimento/01 - Playbooks/Localização e Edição do Arquivo Hosts (Windows vs Server).md,tutorial,NAVEGAÇÃO,0.82,Navegação Rápida,manter,item listado em MOC/índice,baixo,manter,Agente Governança do Viny Brain,não,preserved,preservado por ser link forte/navegação/rastreabilidade ou sem autorização de remoção automática,,/home/vinicius-alves/viny-brain-backups/Conexoes Obsidian/Onda 1 - 2026-08-06
13 - Base de Conhecimento/00 - Índice/Índice Geral.md,índice,13 - Base de Conhecimento/01 - Playbooks/Verificação de Disponibilidade e Conectividade VPS.md,tutorial,NAVEGAÇÃO,0.82,Navegação Rápida,manter,item listado em MOC/índice,baixo,manter,Agente Governança do Viny Brain,não,preserved,preservado por ser link forte/navegação/rastreabilidade ou sem autorização de remoção automática,,/home/vinicius-alves/viny-brain-backups/Conexoes Obsidian/Onda 1 - 2026-08-06
13 - Base de Conhecimento/00 - Índice/Índice Geral.md,índice,13 - Base de Conhecimento/01 - Playbooks/Navegação em Sistemas de Arquivos Linux.md,tutorial,NAVEGAÇÃO,0.82,Navegação Rápida,manter,item listado em MOC/índice,baixo,manter,Agente Governança do Viny Brain,não,preserved,preservado por ser link forte/navegação/rastreabilidade ou sem autorização de remoção automática,,/home/vinicius-alves/viny-brain-backups/Conexoes Obsidian/Onda 1 - 2026-08-06
13 - Base de Conhecimento/00 - Índice/Índice Geral.md,índice,13 - Base de Conhecimento/01 - Playbooks/Instalação de Aplicações via Terminal Linux.md,tutorial,REDUNDANTE,0.95,Navegação Rápida,sugerir revisão/limpeza,link duplicado dentro da mesma nota,baixo,consolidar link duplicado,Agente Governança do Viny Brain,sim,needs_review,abaixo do limite de confiança automática ou depende de avaliação semântica humana,,/home/vinicius-alves/viny-brain-backups/Conexoes Obsidian/Onda 1 - 2026-08-06
13 - Base de Conhecimento/00 - Índice/Índice Geral.md,índice,13 - Base de Conhecimento/01 - Playbooks/Resolução de Falha de Conexão SSH na VPS.md,tutorial,REDUNDANTE,0.95,Navegação Rápida,sugerir revisão/limpeza,link duplicado dentro da mesma nota,baixo,consolidar link duplicado,Agente Governança do Viny Brain,sim,needs_review,abaixo do limite de confiança automática ou depende de avaliação semântica humana,,/home/vinicius-alves/viny-brain-backups/Conexoes Obsidian/Onda 1 - 2026-08-06
13 - Base de Conhecimento/00 - Índice/Índice Geral.md,índice,13 - Base de Conhecimento/01 - Playbooks/Como acessar e navegar na VPS com EasyPanel.md,tutorial,NAVEGAÇÃO,0.82,Navegação Rápida,manter,item listado em MOC/índice,baixo,manter,Agente Governança do Viny Brain,não,preserved,preservado por ser link forte/navegação/rastreabilidade ou sem autorização de remoção automática,,/home/vinicius-alves/viny-brain-backups/Conexoes Obsidian/Onda 1 - 2026-08-06
13 - Base de Conhecimento/00 - Índice/Índice Geral.md,índice,"13 - Base de Conhecimento/01 - Playbooks/Funções do Painel da VPS, ligar, desligar, reiniciar e reinstalar o SO.md",tutorial,NAVEGAÇÃO,0.82,Navegação Rápida,manter,item listado em MOC/índice,baixo,manter,Agente Governança do Viny Brain,não,preserved,preservado por ser link forte/navegação/rastreabilidade ou sem autorização de remoção automática,,/home/vinicius-alves/viny-brain-backups/Conexoes Obsidian/Onda 1 - 2026-08-06
13 - Base de Conhecimento/00 - Índice/Índice Geral.md,índice,13 - Base de Conhecimento/01 - Playbooks/Como usar o comando cd no linux.md,tutorial,NAVEGAÇÃO,0.82,Navegação Rápida,manter,item listado em MOC/índice,baixo,manter,Agente Governança do Viny Brain,não,preserved,preservado por ser link forte/navegação/rastreabilidade ou sem autorização de remoção automática,,/home/vinicius-alves/viny-brain-backups/Conexoes Obsidian/Onda 1 - 2026-08-06
13 - Base de Conhecimento/00 - Índice/Índice Geral.md,índice,13 - Base de Conhecimento/01 - Playbooks/Especificações Técnicas e Segurança de Servidores VPS.md,tutorial,NAVEGAÇÃO,0.82,Navegação Rápida,manter,item listado em MOC/índice,baixo,manter,Agente Governança do Viny Brain,não,preserved,preservado por ser link forte/navegação/rastreabilidade ou sem autorização de remoção automática,,/home/vinicius-alves/viny-brain-backups/Conexoes Obsidian/Onda 1 - 2026-08-06
13 - Base de Conhecimento/00 - Índice/Índice Geral.md,índice,13 - Base de Conhecimento/01 - Playbooks/Diagnóstico de Consumo de Disco via Terminal (/home).md,tutorial,NAVEGAÇÃO,0.82,Navegação Rápida,manter,item listado em MOC/índice,baixo,manter,Agente Governança do Viny Brain,não,preserved,preservado por ser link forte/navegação/rastreabilidade ou sem autorização de remoção automática,,/home/vinicius-alves/viny-brain-backups/Conexoes Obsidian/Onda 1 - 2026-08-06
13 - Base de Conhecimento/01 - Playbooks/Abertura de Fatura para Renovação de Domínio.md,tutorial,13 - Base de Conhecimento/00 - Índice/Índice Geral.md,índice,GENÉRICA,0.58,Conexões internas,sugerir revisão/limpeza,link para hub amplo fora de seção claramente navegacional,médio,substituir por link ao MOC,Agente Governança do Viny Brain,sim,needs_review,abaixo do limite de confiança automática ou depende de avaliação semântica humana,,/home/vinicius-alves/viny-brain-backups/Conexoes Obsidian/Onda 1 - 2026-08-06
13 - Base de Conhecimento/01 - Playbooks/Abertura de Fatura para Renovação de Domínio.md,tutorial,13 - Base de Conhecimento/00 - Índice/Mapa por Temas.md,MOC ou mapa,GENÉRICA,0.58,Conexões internas,sugerir revisão/limpeza,link para hub amplo fora de seção claramente navegacional,médio,substituir por link ao MOC,Agente Governança do Viny Brain,sim,needs_review,abaixo do limite de confiança automática ou depende de avaliação semântica humana,,/home/vinicius-alves/viny-brain-backups/Conexoes Obsidian/Onda 1 - 2026-08-06
13 - Base de Conhecimento/01 - Playbooks/Abertura de Fatura para Renovação de Domínio.md,tutorial,13 - Base de Conhecimento/01 - Playbooks/Como Renovar o Domínio.md,tutorial,SEMÂNTICA FORTE,0.68,Conexões internas,manter,conteúdos operacionais do mesmo contexto,médio,manter,Agente Governança do Viny Brain,sim,needs_review,abaixo do limite de confiança automática ou depende de avaliação semântica humana,,/home/vinicius-alves/viny-brain-backups/Conexoes Obsidian/Onda 1 - 2026-08-06
13 - Base de Conhecimento/01 - Playbooks/Abertura de Fatura para Renovação de Domínio.md,tutorial,13 - Base de Conhecimento/01 - Playbooks/Guia Interno Staycloud - Apontamentos DNS.md,processo,SEMÂNTICA FORTE,0.68,Conexões internas,manter,conteúdos operacionais do mesmo contexto,médio,manter,Agente Governança do Viny Brain,sim,needs_review,abaixo do limite de confiança automática ou depende de avaliação semântica humana,,/home/vinicius-alves/viny-brain-backups/Conexoes Obsidian/Onda 1 - 2026-08-06
13 - Base de Conhecimento/01 - Playbooks/Ajustes de Limites  de Upload  no Cpanel.md,tutorial,13 - Base de Conhecimento/00 - Índice/Índice Geral.md,índice,GENÉRICA,0.58,Conexões internas,sugerir revisão/limpeza,link para hub amplo fora de seção claramente navegacional,médio,substituir por link ao MOC,Agente Governança do Viny Brain,sim,needs_review,abaixo do limite de confiança automática ou depende de avaliação semântica humana,,/home/vinicius-alves/viny-brain-backups/Conexoes Obsidian/Onda 1 - 2026-08-06
13 - Base de Conhecimento/01 - Playbooks/Ajustes de Limites  de Upload  no Cpanel.md,tutorial,13 - Base de Conhecimento/00 - Índice/Mapa por Temas.md,MOC ou mapa,GENÉRICA,0.58,Conexões internas,sugerir revisão/limpeza,link para hub amplo fora de seção claramente navegacional,médio,substituir por link ao MOC,Agente Governança do Viny Brain,sim,needs_review,abaixo do limite de confiança automática ou depende de avaliação semântica humana,,/home/vinicius-alves/viny-brain-backups/Conexoes Obsidian/Onda 1 - 2026-08-06
13 - Base de Conhecimento/01 - Playbooks/Ajustes de Limites  de Upload  no Cpanel.md,tutorial,13 - Base de Conhecimento/01 - Playbooks/Como Acessar o Painel de Controle (cPanel).md,tutorial,SEMÂNTICA FORTE,0.68,Conexões internas,manter,conteúdos operacionais do mesmo contexto,médio,manter,Agente Governança do Viny Brain,sim,needs_review,abaixo do limite de confiança automática ou depende de avaliação semântica humana,,/home/vinicius-alves/viny-brain-backups/Conexoes Obsidian/Onda 1 - 2026-08-06
13 - Base de Conhecimento/01 - Playbooks/Ajustes de Limites  de Upload  no Cpanel.md,tutorial,13 - Base de Conhecimento/01 - Playbooks/Criação de Banco de Dados (cPanel).md,tutorial,SEMÂNTICA FORTE,0.68,Conexões internas,manter,conteúdos operacionais do mesmo contexto,médio,manter,Agente Governança do Viny Brain,sim,needs_review,abaixo do limite de confiança automática ou depende de avaliação semântica humana,,/home/vinicius-alves/viny-brain-backups/Conexoes Obsidian/Onda 1 - 2026-08-06
13 - Base de Conhecimento/01 - Playbooks/Ajustes de Limites  de Upload  no Cpanel.md,tutorial,13 - Base de Conhecimento/01 - Playbooks/Erro de Curl Timeout ao Acessar cPanel.md,tutorial,SEMÂNTICA FORTE,0.68,Conexões internas,manter,conteúdos operacionais do mesmo contexto,médio,manter,Agente Governança do Viny Brain,sim,needs_review,abaixo do limite de confiança automática ou depende de avaliação semântica humana,,/home/vinicius-alves/viny-brain-backups/Conexoes Obsidian/Onda 1 - 2026-08-06
13 - Base de Conhecimento/01 - Playbooks/Apontamento Local via Arquivo hosts no Linux.md,tutorial,13 - Base de Conhecimento/00 - Índice/Índice Geral.md,índice,GENÉRICA,0.58,Conexões internas,sugerir revisão/limpeza,link para hub amplo fora de seção claramente navegacional,médio,substituir por link ao MOC,Agente Governança do Viny Brain,sim,needs_review,abaixo do limite de confiança automática ou depende de avaliação semântica humana,,/home/vinicius-alves/viny-brain-backups/Conexoes Obsidian/Onda 1 - 2026-08-06
13 - Base de Conhecimento/01 - Playbooks/Apontamento Local via Arquivo hosts no Linux.md,tutorial,13 - Base de Conhecimento/00 - Índice/Mapa por Temas.md,MOC ou mapa,GENÉRICA,0.58,Conexões internas,sugerir revisão/limpeza,link para hub amplo fora de seção claramente navegacional,médio,substituir por link ao MOC,Agente Governança do Viny Brain,sim,needs_review,abaixo do limite de confiança automática ou depende de avaliação semântica humana,,/home/vinicius-alves/viny-brain-backups/Conexoes Obsidian/Onda 1 - 2026-08-06
13 - Base de Conhecimento/01 - Playbooks/Apontamento Local via Arquivo hosts no Linux.md,tutorial,13 - Base de Conhecimento/01 - Playbooks/Localização e Edição do Arquivo Hosts (Windows vs Server).md,tutorial,SEMÂNTICA FORTE,0.68,Conexões internas,manter,conteúdos operacionais do mesmo contexto,médio,manter,Agente Governança do Viny Brain,sim,needs_review,abaixo do limite de confiança automática ou depende de avaliação semântica humana,,/home/vinicius-alves/viny-brain-backups/Conexoes Obsidian/Onda 1 - 2026-08-06
13 - Base de Conhecimento/01 - Playbooks/Apontamento Local via Arquivo hosts no Linux.md,tutorial,13 - Base de Conhecimento/01 - Playbooks/Configuração de Novo Domínio.md,tutorial,SEMÂNTICA FORTE,0.68,Conexões internas,manter,conteúdos operacionais do mesmo contexto,médio,manter,Agente Governança do Viny Brain,sim,needs_review,abaixo do limite de confiança automática ou depende de avaliação semântica humana,,/home/vinicius-alves/viny-brain-backups/Conexoes Obsidian/Onda 1 - 2026-08-06
13 - Base de Conhecimento/01 - Playbooks/Apontamento Local via Arquivo hosts no Linux.md,tutorial,13 - Base de Conhecimento/01 - Playbooks/Resolução de Verificação de Acesso via Cloudflare.md,processo,SEMÂNTICA FORTE,0.68,Conexões internas,manter,conteúdos operacionais do mesmo contexto,médio,manter,Agente Governança do Viny Brain,sim,needs_review,abaixo do limite de confiança automática ou depende de avaliação semântica humana,,/home/vinicius-alves/viny-brain-backups/Conexoes Obsidian/Onda 1 - 2026-08-06
13 - Base de Conhecimento/01 - Playbooks/Apontamento de E-mail para StayCloud (Site Externo).md,tutorial,13 - Base de Conhecimento/00 - Índice/Índice Geral.md,índice,GENÉRICA,0.58,Conexões internas,sugerir revisão/limpeza,link para hub amplo fora de seção claramente navegacional,médio,substituir por link ao MOC,Agente Governança do Viny Brain,sim,needs_review,abaixo do limite de confiança automática ou depende de avaliação semântica humana,,/home/vinicius-alves/viny-brain-backups/Conexoes Obsidian/Onda 1 - 2026-08-06
13 - Base de Conhecimento/01 - Playbooks/Apontamento de E-mail para StayCloud (Site Externo).md,tutorial,13 - Base de Conhecimento/00 - Índice/Mapa por Temas.md,MOC ou mapa,GENÉRICA,0.58,Conexões internas,sugerir revisão/limpeza,link para hub amplo fora de seção claramente navegacional,médio,substituir por link ao MOC,Agente Governança do Viny Brain,sim,needs_review,abaixo do limite de confiança automática ou depende de avaliação semântica humana,,/home/vinicius-alves/viny-brain-backups/Conexoes Obsidian/Onda 1 - 2026-08-06
13 - Base de Conhecimento/01 - Playbooks/Apontamento de E-mail para StayCloud (Site Externo).md,tutorial,13 - Base de Conhecimento/01 - Playbooks/Resolução de Conflitos de DNS de E-mail.md,processo,SEMÂNTICA FORTE,0.68,Conexões internas,manter,conteúdos operacionais do mesmo contexto,médio,manter,Agente Governança do Viny Brain,sim,needs_review,abaixo do limite de confiança automática ou depende de avaliação semântica humana,,/home/vinicius-alves/viny-brain-backups/Conexoes Obsidian/Onda 1 - 2026-08-06
13 - Base de Conhecimento/01 - Playbooks/Ativação de Logs de Erro PHP (cPanel).md,tutorial,13 - Base de Conhecimento/00 - Índice/Índice Geral.md,índice,GENÉRICA,0.58,Conexões internas,sugerir revisão/limpeza,link para hub amplo fora de seção claramente navegacional,médio,substituir por link ao MOC,Agente Governança do Viny Brain,sim,needs_review,abaixo do limite de confiança automática ou depende de avaliação semântica humana,,/home/vinicius-alves/viny-brain-backups/Conexoes Obsidian/Onda 1 - 2026-08-06
13 - Base de Conhecimento/01 - Playbooks/Ativação de Logs de Erro PHP (cPanel).md,tutorial,13 - Base de Conhecimento/00 - Índice/Mapa por Temas.md,MOC ou mapa,GENÉRICA,0.58,Conexões internas,sugerir revisão/limpeza,link para hub amplo fora de seção claramente navegacional,médio,substituir por link ao MOC,Agente Governança do Viny Brain,sim,needs_review,abaixo do limite de confiança automática ou depende de avaliação semântica humana,,/home/vinicius-alves/viny-brain-backups/Conexoes Obsidian/Onda 1 - 2026-08-06
13 - Base de Conhecimento/01 - Playbooks/Ativação de Logs de Erro PHP (cPanel).md,tutorial,13 - Base de Conhecimento/01 - Playbooks/Como Acessar o Painel de Controle (cPanel).md,tutorial,SEMÂNTICA FORTE,0.68,Conexões internas,manter,conteúdos operacionais do mesmo contexto,médio,manter,Agente Governança do Viny Brain,sim,needs_review,abaixo do limite de confiança automática ou depende de avaliação semântica humana,,/home/vinicius-alves/viny-brain-backups/Conexoes Obsidian/Onda 1 - 2026-08-06
13 - Base de Conhecimento/01 - Playbooks/Checklist Inicial - StayCloud.md,tutorial,13 - Base de Conhecimento/00 - Índice/Índice Geral.md,índice,GENÉRICA,0.58,Conexões internas,sugerir revisão/limpeza,link para hub amplo fora de seção claramente navegacional,médio,substituir por link ao MOC,Agente Governança do Viny Brain,sim,needs_review,abaixo do limite de confiança automática ou depende de avaliação semântica humana,,/home/vinicius-alves/viny-brain-backups/Conexoes Obsidian/Onda 1 - 2026-08-06
13 - Base de Conhecimento/01 - Playbooks/Checklist Inicial - StayCloud.md,tutorial,13 - Base de Conhecimento/00 - Índice/Mapa por Temas.md,MOC ou mapa,GENÉRICA,0.58,Conexões internas,sugerir revisão/limpeza,link para hub amplo fora de seção claramente navegacional,médio,substituir por link ao MOC,Agente Governança do Viny Brain,sim,needs_review,abaixo do limite de confiança automática ou depende de avaliação semântica humana,,/home/vinicius-alves/viny-brain-backups/Conexoes Obsidian/Onda 1 - 2026-08-06
13 - Base de Conhecimento/01 - Playbooks/Checklist Inicial - StayCloud.md,tutorial,13 - Base de Conhecimento/01 - Playbooks/Guia Interno Staycloud - Apontamentos DNS.md,processo,SEMÂNTICA FORTE,0.68,Conexões internas,manter,conteúdos operacionais do mesmo contexto,médio,manter,Agente Governança do Viny Brain,sim,needs_review,abaixo do limite de confiança automática ou depende de avaliação semântica humana,,/home/vinicius-alves/viny-brain-backups/Conexoes Obsidian/Onda 1 - 2026-08-06
13 - Base de Conhecimento/01 - Playbooks/Checklist Inicial - StayCloud.md,tutorial,13 - Base de Conhecimento/01 - Playbooks/Resolução de Conflitos de DNS de E-mail.md,processo,SEMÂNTICA FORTE,0.68,Conexões internas,manter,conteúdos operacionais do mesmo contexto,médio,manter,Agente Governança do Viny Brain,sim,needs_review,abaixo do limite de confiança automática ou depende de avaliação semântica humana,,/home/vinicius-alves/viny-brain-backups/Conexoes Obsidian/Onda 1 - 2026-08-06
13 - Base de Conhecimento/01 - Playbooks/Checklist Inicial - StayCloud.md,tutorial,13 - Base de Conhecimento/01 - Playbooks/Otimização de Cache na Cloudflare.md,tutorial,SEMÂNTICA FORTE,0.68,Conexões internas,manter,conteúdos operacionais do mesmo contexto,médio,manter,Agente Governança do Viny Brain,sim,needs_review,abaixo do limite de confiança automática ou depende de avaliação semântica humana,,/home/vinicius-alves/viny-brain-backups/Conexoes Obsidian/Onda 1 - 2026-08-06
13 - Base de Conhecimento/01 - Playbooks/Como Acessar o Painel de Controle (cPanel).md,tutorial,13 - Base de Conhecimento/00 - Índice/Índice Geral.md,índice,GENÉRICA,0.58,Conexões internas,sugerir revisão/limpeza,link para hub amplo fora de seção claramente navegacional,médio,substituir por link ao MOC,Agente Governança do Viny Brain,sim,needs_review,abaixo do limite de confiança automática ou depende de avaliação semântica humana,,/home/vinicius-alves/viny-brain-backups/Conexoes Obsidian/Onda 1 - 2026-08-06
13 - Base de Conhecimento/01 - Playbooks/Como Acessar o Painel de Controle (cPanel).md,tutorial,13 - Base de Conhecimento/00 - Índice/Mapa por Temas.md,MOC ou mapa,GENÉRICA,0.58,Conexões internas,sugerir revisão/limpeza,link para hub amplo fora de seção claramente navegacional,médio,substituir por link ao MOC,Agente Governança do Viny Brain,sim,needs_review,abaixo do limite de confiança automática ou depende de avaliação semântica humana,,/home/vinicius-alves/viny-brain-backups/Conexoes Obsidian/Onda 1 - 2026-08-06
13 - Base de Conhecimento/01 - Playbooks/Como Acessar o Painel de Controle (cPanel).md,tutorial,13 - Base de Conhecimento/01 - Playbooks/Criação de Banco de Dados (cPanel).md,tutorial,SEMÂNTICA FORTE,0.68,Conexões internas,manter,conteúdos operacionais do mesmo contexto,médio,manter,Agente Governança do Viny Brain,sim,needs_review,abaixo do limite de confiança automática ou depende de avaliação semântica humana,,/home/vinicius-alves/viny-brain-backups/Conexoes Obsidian/Onda 1 - 2026-08-06
13 - Base de Conhecimento/01 - Playbooks/Como Acessar o Painel de Controle (cPanel).md,tutorial,13 - Base de Conhecimento/01 - Playbooks/Procedimento de Acesso a Contas de E-mail via cPanel.md,processo,SEMÂNTICA FORTE,0.68,Conexões internas,manter,conteúdos operacionais do mesmo contexto,médio,manter,Agente Governança do Viny Brain,sim,needs_review,abaixo do limite de confiança automática ou depende de avaliação semântica humana,,/home/vinicius-alves/viny-brain-backups/Conexoes Obsidian/Onda 1 - 2026-08-06
13 - Base de Conhecimento/01 - Playbooks/Como Acessar o Painel de Controle (cPanel).md,tutorial,13 - Base de Conhecimento/01 - Playbooks/Erro de Curl Timeout ao Acessar cPanel.md,tutorial,SEMÂNTICA FORTE,0.68,Conexões internas,manter,conteúdos operacionais do mesmo contexto,médio,manter,Agente Governança do Viny Brain,sim,needs_review,abaixo do limite de confiança automática ou depende de avaliação semântica humana,,/home/vinicius-alves/viny-brain-backups/Conexoes Obsidian/Onda 1 - 2026-08-06
13 - Base de Conhecimento/01 - Playbooks/Como Renovar o Domínio.md,tutorial,13 - Base de Conhecimento/00 - Índice/Índice Geral.md,índice,GENÉRICA,0.58,Conexões internas,sugerir revisão/limpeza,link para hub amplo fora de seção claramente navegacional,médio,substituir por link ao MOC,Agente Governança do Viny Brain,sim,needs_review,abaixo do limite de confiança automática ou depende de avaliação semântica humana,,/home/vinicius-alves/viny-brain-backups/Conexoes Obsidian/Onda 1 - 2026-08-06
13 - Base de Conhecimento/01 - Playbooks/Como Renovar o Domínio.md,tutorial,13 - Base de Conhecimento/00 - Índice/Mapa por Temas.md,MOC ou mapa,GENÉRICA,0.58,Conexões internas,sugerir revisão/limpeza,link para hub amplo fora de seção claramente navegacional,médio,substituir por link ao MOC,Agente Governança do Viny Brain,sim,needs_review,abaixo do limite de confiança automática ou depende de avaliação semântica humana,,/home/vinicius-alves/viny-brain-backups/Conexoes Obsidian/Onda 1 - 2026-08-06
13 - Base de Conhecimento/01 - Playbooks/Como Renovar o Domínio.md,tutorial,13 - Base de Conhecimento/01 - Playbooks/Abertura de Fatura para Renovação de Domínio.md,tutorial,SEMÂNTICA FORTE,0.68,Conexões internas,manter,conteúdos operacionais do mesmo contexto,médio,manter,Agente Governança do Viny Brain,sim,needs_review,abaixo do limite de confiança automática ou depende de avaliação semântica humana,,/home/vinicius-alves/viny-brain-backups/Conexoes Obsidian/Onda 1 - 2026-08-06
13 - Base de Conhecimento/01 - Playbooks/Como Renovar o Domínio.md,tutorial,13 - Base de Conhecimento/01 - Playbooks/Guia Interno Staycloud - Apontamentos DNS.md,processo,SEMÂNTICA FORTE,0.68,Conexões internas,manter,conteúdos operacionais do mesmo contexto,médio,manter,Agente Governança do Viny Brain,sim,needs_review,abaixo do limite de confiança automática ou depende de avaliação semântica humana,,/home/vinicius-alves/viny-brain-backups/Conexoes Obsidian/Onda 1 - 2026-08-06
13 - Base de Conhecimento/01 - Playbooks/Como configurar o balancemaento de carga no cloudflare.md,tutorial,13 - Base de Conhecimento/00 - Índice/Índice Geral.md,índice,GENÉRICA,0.58,Conexões internas,sugerir revisão/limpeza,link para hub amplo fora de seção claramente navegacional,médio,substituir por link ao MOC,Agente Governança do Viny Brain,sim,needs_review,abaixo do limite de confiança automática ou depende de avaliação semântica humana,,/home/vinicius-alves/viny-brain-backups/Conexoes Obsidian/Onda 1 - 2026-08-06
13 - Base de Conhecimento/01 - Playbooks/Como configurar o balancemaento de carga no cloudflare.md,tutorial,13 - Base de Conhecimento/00 - Índice/Mapa por Temas.md,MOC ou mapa,GENÉRICA,0.58,Conexões internas,sugerir revisão/limpeza,link para hub amplo fora de seção claramente navegacional,médio,substituir por link ao MOC,Agente Governança do Viny Brain,sim,needs_review,abaixo do limite de confiança automática ou depende de avaliação semântica humana,,/home/vinicius-alves/viny-brain-backups/Conexoes Obsidian/Onda 1 - 2026-08-06
13 - Base de Conhecimento/01 - Playbooks/Como configurar o balancemaento de carga no cloudflare.md,tutorial,13 - Base de Conhecimento/01 - Playbooks/Otimização de Cache na Cloudflare.md,tutorial,SEMÂNTICA FORTE,0.68,Conexões internas,manter,conteúdos operacionais do mesmo contexto,médio,manter,Agente Governança do Viny Brain,sim,needs_review,abaixo do limite de confiança automática ou depende de avaliação semântica humana,,/home/vinicius-alves/viny-brain-backups/Conexoes Obsidian/Onda 1 - 2026-08-06
13 - Base de Conhecimento/01 - Playbooks/Como configurar o balancemaento de carga no cloudflare.md,tutorial,13 - Base de Conhecimento/01 - Playbooks/Resolução de Verificação de Acesso via Cloudflare.md,processo,SEMÂNTICA FORTE,0.68,Conexões internas,manter,conteúdos operacionais do mesmo contexto,médio,manter,Agente Governança do Viny Brain,sim,needs_review,abaixo do limite de confiança automática ou depende de avaliação semântica humana,,/home/vinicius-alves/viny-brain-backups/Conexoes Obsidian/Onda 1 - 2026-08-06
13 - Base de Conhecimento/01 - Playbooks/Como configurar o balancemaento de carga no cloudflare.md,tutorial,13 - Base de Conhecimento/01 - Playbooks/Conferência de Certificado SSL.md,processo,SEMÂNTICA FORTE,0.68,Conexões internas,manter,conteúdos operacionais do mesmo contexto,médio,manter,Agente Governança do Viny Brain,sim,needs_review,abaixo do limite de confiança automática ou depende de avaliação semântica humana,,/home/vinicius-alves/viny-brain-backups/Conexoes Obsidian/Onda 1 - 2026-08-06
13 - Base de Conhecimento/01 - Playbooks/Conferência de Certificado SSL.md,processo,13 - Base de Conhecimento/00 - Índice/Índice Geral.md,índice,NAVEGAÇÃO,0.75,Conexões internas,manter,playbook/processo aponta para índice temático previsto pelo fluxo antigo,baixo,manter,Agente Governança do Viny Brain,não,preserved,preservado por ser link forte/navegação/rastreabilidade ou sem autorização de remoção automática,,/home/vinicius-alves/viny-brain-backups/Conexoes Obsidian/Onda 1 - 2026-08-06
13 - Base de Conhecimento/01 - Playbooks/Conferência de Certificado SSL.md,processo,13 - Base de Conhecimento/00 - Índice/Mapa por Temas.md,MOC ou mapa,NAVEGAÇÃO,0.75,Conexões internas,manter,playbook/processo aponta para índice temático previsto pelo fluxo antigo,baixo,manter,Agente Governança do Viny Brain,não,preserved,preservado por ser link forte/navegação/rastreabilidade ou sem autorização de remoção automática,,/home/vinicius-alves/viny-brain-backups/Conexoes Obsidian/Onda 1 - 2026-08-06
13 - Base de Conhecimento/01 - Playbooks/Conferência de Certificado SSL.md,processo,13 - Base de Conhecimento/01 - Playbooks/Configuração de Novo Domínio.md,tutorial,SEMÂNTICA FORTE,0.68,Conexões internas,manter,conteúdos operacionais do mesmo contexto,médio,manter,Agente Governança do Viny Brain,sim,needs_review,abaixo do limite de confiança automática ou depende de avaliação semântica humana,,/home/vinicius-alves/viny-brain-backups/Conexoes Obsidian/Onda 1 - 2026-08-06
13 - Base de Conhecimento/01 - Playbooks/Conferência de Certificado SSL.md,processo,13 - Base de Conhecimento/01 - Playbooks/Otimização de Cache na Cloudflare.md,tutorial,SEMÂNTICA FORTE,0.68,Conexões internas,manter,conteúdos operacionais do mesmo contexto,médio,manter,Agente Governança do Viny Brain,sim,needs_review,abaixo do limite de confiança automática ou depende de avaliação semântica humana,,/home/vinicius-alves/viny-brain-backups/Conexoes Obsidian/Onda 1 - 2026-08-06
13 - Base de Conhecimento/01 - Playbooks/Conferência de Certificado SSL.md,processo,13 - Base de Conhecimento/01 - Playbooks/Resolução de Verificação de Acesso via Cloudflare.md,processo,SEMÂNTICA FORTE,0.68,Conexões internas,manter,conteúdos operacionais do mesmo contexto,médio,manter,Agente Governança do Viny Brain,sim,needs_review,abaixo do limite de confiança automática ou depende de avaliação semântica humana,,/home/vinicius-alves/viny-brain-backups/Conexoes Obsidian/Onda 1 - 2026-08-06
13 - Base de Conhecimento/01 - Playbooks/Conferência de Certificado SSL.md,processo,13 - Base de Conhecimento/01 - Playbooks/Guia Interno Staycloud - Apontamentos DNS.md,processo,SEMÂNTICA FORTE,0.68,Conexões internas,manter,conteúdos operacionais do mesmo contexto,médio,manter,Agente Governança do Viny Brain,sim,needs_review,abaixo do limite de confiança automática ou depende de avaliação semântica humana,,/home/vinicius-alves/viny-brain-backups/Conexoes Obsidian/Onda 1 - 2026-08-06
13 - Base de Conhecimento/01 - Playbooks/Conferência de Certificado SSL.md,processo,13 - Base de Conhecimento/01 - Playbooks/Domínio com Erro 403.md,processo,SEMÂNTICA FORTE,0.68,Conexões internas,manter,conteúdos operacionais do mesmo contexto,médio,manter,Agente Governança do Viny Brain,sim,needs_review,abaixo do limite de confiança automática ou depende de avaliação semântica humana,,/home/vinicius-alves/viny-brain-backups/Conexoes Obsidian/Onda 1 - 2026-08-06
13 - Base de Conhecimento/01 - Playbooks/Conferência de Certificado SSL.md,processo,13 - Base de Conhecimento/01 - Playbooks/Domínio com Erro 503.md,processo,SEMÂNTICA FORTE,0.68,Conexões internas,manter,conteúdos operacionais do mesmo contexto,médio,manter,Agente Governança do Viny Brain,sim,needs_review,abaixo do limite de confiança automática ou depende de avaliação semântica humana,,/home/vinicius-alves/viny-brain-backups/Conexoes Obsidian/Onda 1 - 2026-08-06
13 - Base de Conhecimento/01 - Playbooks/Configuração de Novo Domínio.md,tutorial,13 - Base de Conhecimento/00 - Índice/Índice Geral.md,índice,GENÉRICA,0.58,Conexões internas,sugerir revisão/limpeza,link para hub amplo fora de seção claramente navegacional,médio,substituir por link ao MOC,Agente Governança do Viny Brain,sim,needs_review,abaixo do limite de confiança automática ou depende de avaliação semântica humana,,/home/vinicius-alves/viny-brain-backups/Conexoes Obsidian/Onda 1 - 2026-08-06
13 - Base de Conhecimento/01 - Playbooks/Configuração de Novo Domínio.md,tutorial,13 - Base de Conhecimento/00 - Índice/Mapa por Temas.md,MOC ou mapa,GENÉRICA,0.58,Conexões internas,sugerir revisão/limpeza,link para hub amplo fora de seção claramente navegacional,médio,substituir por link ao MOC,Agente Governança do Viny Brain,sim,needs_review,abaixo do limite de confiança automática ou depende de avaliação semântica humana,,/home/vinicius-alves/viny-brain-backups/Conexoes Obsidian/Onda 1 - 2026-08-06
13 - Base de Conhecimento/01 - Playbooks/Configuração de Novo Domínio.md,tutorial,13 - Base de Conhecimento/01 - Playbooks/Como Renovar o Domínio.md,tutorial,SEMÂNTICA FORTE,0.68,Conexões internas,manter,conteúdos operacionais do mesmo contexto,médio,manter,Agente Governança do Viny Brain,sim,needs_review,abaixo do limite de confiança automática ou depende de avaliação semântica humana,,/home/vinicius-alves/viny-brain-backups/Conexoes Obsidian/Onda 1 - 2026-08-06
13 - Base de Conhecimento/01 - Playbooks/Configuração de Novo Domínio.md,tutorial,13 - Base de Conhecimento/01 - Playbooks/Conferência de Certificado SSL.md,processo,SEMÂNTICA FORTE,0.68,Conexões internas,manter,conteúdos operacionais do mesmo contexto,médio,manter,Agente Governança do Viny Brain,sim,needs_review,abaixo do limite de confiança automática ou depende de avaliação semântica humana,,/home/vinicius-alves/viny-brain-backups/Conexoes Obsidian/Onda 1 - 2026-08-06
13 - Base de Conhecimento/01 - Playbooks/Conversão de Domínio de Complemento em Conta (WHM).md,tutorial,13 - Base de Conhecimento/00 - Índice/Índice Geral.md,índice,GENÉRICA,0.58,Conexões internas,sugerir revisão/limpeza,link para hub amplo fora de seção claramente navegacional,médio,substituir por link ao MOC,Agente Governança do Viny Brain,sim,needs_review,abaixo do limite de confiança automática ou depende de avaliação semântica humana,,/home/vinicius-alves/viny-brain-backups/Conexoes Obsidian/Onda 1 - 2026-08-06
13 - Base de Conhecimento/01 - Playbooks/Conversão de Domínio de Complemento em Conta (WHM).md,tutorial,13 - Base de Conhecimento/00 - Índice/Mapa por Temas.md,MOC ou mapa,GENÉRICA,0.58,Conexões internas,sugerir revisão/limpeza,link para hub amplo fora de seção claramente navegacional,médio,substituir por link ao MOC,Agente Governança do Viny Brain,sim,needs_review,abaixo do limite de confiança automática ou depende de avaliação semântica humana,,/home/vinicius-alves/viny-brain-backups/Conexoes Obsidian/Onda 1 - 2026-08-06
13 - Base de Conhecimento/01 - Playbooks/Conversão de Domínio de Complemento em Conta (WHM).md,tutorial,13 - Base de Conhecimento/01 - Playbooks/Como Acessar o Painel de Controle (cPanel).md,tutorial,SEMÂNTICA FORTE,0.68,Conexões internas,manter,conteúdos operacionais do mesmo contexto,médio,manter,Agente Governança do Viny Brain,sim,needs_review,abaixo do limite de confiança automática ou depende de avaliação semântica humana,,/home/vinicius-alves/viny-brain-backups/Conexoes Obsidian/Onda 1 - 2026-08-06
13 - Base de Conhecimento/01 - Playbooks/Conversão de Domínio de Complemento em Conta (WHM).md,tutorial,13 - Base de Conhecimento/01 - Playbooks/Criação de Banco de Dados (cPanel).md,tutorial,SEMÂNTICA FORTE,0.68,Conexões internas,manter,conteúdos operacionais do mesmo contexto,médio,manter,Agente Governança do Viny Brain,sim,needs_review,abaixo do limite de confiança automática ou depende de avaliação semântica humana,,/home/vinicius-alves/viny-brain-backups/Conexoes Obsidian/Onda 1 - 2026-08-06
13 - Base de Conhecimento/01 - Playbooks/Conversão de Domínio de Complemento em Conta (WHM).md,tutorial,13 - Base de Conhecimento/01 - Playbooks/Guia Interno Staycloud - Apontamentos DNS.md,processo,SEMÂNTICA FORTE,0.68,Conexões internas,manter,conteúdos operacionais do mesmo contexto,médio,manter,Agente Governança do Viny Brain,sim,needs_review,abaixo do limite de confiança automática ou depende de avaliação semântica humana,,/home/vinicius-alves/viny-brain-backups/Conexoes Obsidian/Onda 1 - 2026-08-06
13 - Base de Conhecimento/01 - Playbooks/Criação de Banco de Dados (cPanel).md,tutorial,13 - Base de Conhecimento/00 - Índice/Índice Geral.md,índice,GENÉRICA,0.58,Conexões internas,sugerir revisão/limpeza,link para hub amplo fora de seção claramente navegacional,médio,substituir por link ao MOC,Agente Governança do Viny Brain,sim,needs_review,abaixo do limite de confiança automática ou depende de avaliação semântica humana,,/home/vinicius-alves/viny-brain-backups/Conexoes Obsidian/Onda 1 - 2026-08-06
13 - Base de Conhecimento/01 - Playbooks/Criação de Banco de Dados (cPanel).md,tutorial,13 - Base de Conhecimento/00 - Índice/Mapa por Temas.md,MOC ou mapa,GENÉRICA,0.58,Conexões internas,sugerir revisão/limpeza,link para hub amplo fora de seção claramente navegacional,médio,substituir por link ao MOC,Agente Governança do Viny Brain,sim,needs_review,abaixo do limite de confiança automática ou depende de avaliação semântica humana,,/home/vinicius-alves/viny-brain-backups/Conexoes Obsidian/Onda 1 - 2026-08-06
13 - Base de Conhecimento/01 - Playbooks/Criação de Banco de Dados (cPanel).md,tutorial,13 - Base de Conhecimento/01 - Playbooks/Como Acessar o Painel de Controle (cPanel).md,tutorial,SEMÂNTICA FORTE,0.68,Conexões internas,manter,conteúdos operacionais do mesmo contexto,médio,manter,Agente Governança do Viny Brain,sim,needs_review,abaixo do limite de confiança automática ou depende de avaliação semântica humana,,/home/vinicius-alves/viny-brain-backups/Conexoes Obsidian/Onda 1 - 2026-08-06
13 - Base de Conhecimento/01 - Playbooks/Criação de Banco de Dados (cPanel).md,tutorial,13 - Base de Conhecimento/01 - Playbooks/Procedimento de Acesso a Contas de E-mail via cPanel.md,processo,SEMÂNTICA FORTE,0.68,Conexões internas,manter,conteúdos operacionais do mesmo contexto,médio,manter,Agente Governança do Viny Brain,sim,needs_review,abaixo do limite de confiança automática ou depende de avaliação semântica humana,,/home/vinicius-alves/viny-brain-backups/Conexoes Obsidian/Onda 1 - 2026-08-06
13 - Base de Conhecimento/01 - Playbooks/Criação de Banco de Dados (cPanel).md,tutorial,13 - Base de Conhecimento/01 - Playbooks/Erro de Curl Timeout ao Acessar cPanel.md,tutorial,SEMÂNTICA FORTE,0.68,Conexões internas,manter,conteúdos operacionais do mesmo contexto,médio,manter,Agente Governança do Viny Brain,sim,needs_review,abaixo do limite de confiança automática ou depende de avaliação semântica humana,,/home/vinicius-alves/viny-brain-backups/Conexoes Obsidian/Onda 1 - 2026-08-06
13 - Base de Conhecimento/01 - Playbooks/Diagnóstico Rápido - E-mail DNS Spam e Migração.md,processo,13 - Base de Conhecimento/01 - Playbooks/Resolução de Conflitos de DNS de E-mail.md,processo,SEMÂNTICA FORTE,0.68,Matriz de diagnóstico,manter,conteúdos operacionais do mesmo contexto,médio,manter,Agente Governança do Viny Brain,sim,needs_review,abaixo do limite de confiança automática ou depende de avaliação semântica humana,,/home/vinicius-alves/viny-brain-backups/Conexoes Obsidian/Onda 1 - 2026-08-06
13 - Base de Conhecimento/01 - Playbooks/Diagnóstico Rápido - E-mail DNS Spam e Migração.md,processo,13 - Base de Conhecimento/01 - Playbooks/Resolução de Conflitos de DNS de E-mail.md,processo,REDUNDANTE,0.95,Matriz de diagnóstico,sugerir revisão/limpeza,link duplicado dentro da mesma nota,baixo,consolidar link duplicado,Agente Governança do Viny Brain,sim,needs_review,abaixo do limite de confiança automática ou depende de avaliação semântica humana,,/home/vinicius-alves/viny-brain-backups/Conexoes Obsidian/Onda 1 - 2026-08-06
13 - Base de Conhecimento/01 - Playbooks/Diagnóstico Rápido - E-mail DNS Spam e Migração.md,processo,13 - Base de Conhecimento/01 - Playbooks/Procedimento de Acesso a Contas de E-mail via cPanel.md,processo,SEMÂNTICA FORTE,0.68,Matriz de diagnóstico,manter,conteúdos operacionais do mesmo contexto,médio,manter,Agente Governança do Viny Brain,sim,needs_review,abaixo do limite de confiança automática ou depende de avaliação semântica humana,,/home/vinicius-alves/viny-brain-backups/Conexoes Obsidian/Onda 1 - 2026-08-06
13 - Base de Conhecimento/01 - Playbooks/Diagnóstico Rápido - E-mail DNS Spam e Migração.md,processo,13 - Base de Conhecimento/01 - Playbooks/Procedimento de Acesso a Contas de E-mail via cPanel.md,processo,REDUNDANTE,0.95,Matriz de diagnóstico,sugerir revisão/limpeza,link duplicado dentro da mesma nota,baixo,consolidar link duplicado,Agente Governança do Viny Brain,sim,needs_review,abaixo do limite de confiança automática ou depende de avaliação semântica humana,,/home/vinicius-alves/viny-brain-backups/Conexoes Obsidian/Onda 1 - 2026-08-06
13 - Base de Conhecimento/01 - Playbooks/Diagnóstico Rápido - E-mail DNS Spam e Migração.md,processo,13 - Base de Conhecimento/01 - Playbooks/Migração de E-mails.md,processo,SEMÂNTICA FORTE,0.68,Matriz de diagnóstico,manter,conteúdos operacionais do mesmo contexto,médio,manter,Agente Governança do Viny Brain,sim,needs_review,abaixo do limite de confiança automática ou depende de avaliação semântica humana,,/home/vinicius-alves/viny-brain-backups/Conexoes Obsidian/Onda 1 - 2026-08-06
13 - Base de Conhecimento/01 - Playbooks/Diagnóstico Rápido - E-mail DNS Spam e Migração.md,processo,13 - Base de Conhecimento/01 - Playbooks/Resolução de Conflitos de DNS de E-mail.md,processo,REDUNDANTE,0.95,Links relacionados,sugerir revisão/limpeza,link duplicado dentro da mesma nota,baixo,consolidar link duplicado,Agente Governança do Viny Brain,sim,needs_review,abaixo do limite de confiança automática ou depende de avaliação semântica humana,,/home/vinicius-alves/viny-brain-backups/Conexoes Obsidian/Onda 1 - 2026-08-06
13 - Base de Conhecimento/01 - Playbooks/Diagnóstico Rápido - E-mail DNS Spam e Migração.md,processo,13 - Base de Conhecimento/01 - Playbooks/Procedimento de Acesso a Contas de E-mail via cPanel.md,processo,REDUNDANTE,0.95,Links relacionados,sugerir revisão/limpeza,link duplicado dentro da mesma nota,baixo,consolidar link duplicado,Agente Governança do Viny Brain,sim,needs_review,abaixo do limite de confiança automática ou depende de avaliação semântica humana,,/home/vinicius-alves/viny-brain-backups/Conexoes Obsidian/Onda 1 - 2026-08-06
13 - Base de Conhecimento/01 - Playbooks/Diagnóstico Rápido - E-mail DNS Spam e Migração.md,processo,13 - Base de Conhecimento/01 - Playbooks/Migração de E-mails.md,processo,REDUNDANTE,0.95,Links relacionados,sugerir revisão/limpeza,link duplicado dentro da mesma nota,baixo,consolidar link duplicado,Agente Governança do Viny Brain,sim,needs_review,abaixo do limite de confiança automática ou depende de avaliação semântica humana,,/home/vinicius-alves/viny-brain-backups/Conexoes Obsidian/Onda 1 - 2026-08-06
13 - Base de Conhecimento/01 - Playbooks/Diagnóstico Rápido - E-mail DNS Spam e Migração.md,processo,13 - Base de Conhecimento/01 - Playbooks/Gestão de Limite de Envios de E-mail (cPanel).md,tutorial,SEMÂNTICA FORTE,0.68,Links relacionados,manter,conteúdos operacionais do mesmo contexto,médio,manter,Agente Governança do Viny Brain,sim,needs_review,abaixo do limite de confiança automática ou depende de avaliação semântica humana,,/home/vinicius-alves/viny-brain-backups/Conexoes Obsidian/Onda 1 - 2026-08-06
13 - Base de Conhecimento/01 - Playbooks/Diagnóstico Rápido - E-mail DNS Spam e Migração.md,processo,13 - Base de Conhecimento/01 - Playbooks/Limitação das Caixas de E-mails.md,tutorial,SEMÂNTICA FORTE,0.68,Links relacionados,manter,conteúdos operacionais do mesmo contexto,médio,manter,Agente Governança do Viny Brain,sim,needs_review,abaixo do limite de confiança automática ou depende de avaliação semântica humana,,/home/vinicius-alves/viny-brain-backups/Conexoes Obsidian/Onda 1 - 2026-08-06
13 - Base de Conhecimento/01 - Playbooks/Diagnóstico Rápido - SSL DNS e Cloudflare.md,processo,13 - Base de Conhecimento/01 - Playbooks/Conferência de Certificado SSL.md,processo,SEMÂNTICA FORTE,0.68,Matriz de diagnóstico,manter,conteúdos operacionais do mesmo contexto,médio,manter,Agente Governança do Viny Brain,sim,needs_review,abaixo do limite de confiança automática ou depende de avaliação semântica humana,,/home/vinicius-alves/viny-brain-backups/Conexoes Obsidian/Onda 1 - 2026-08-06
13 - Base de Conhecimento/01 - Playbooks/Diagnóstico Rápido - SSL DNS e Cloudflare.md,processo,13 - Base de Conhecimento/01 - Playbooks/Resolução de Verificação de Acesso via Cloudflare.md,processo,SEMÂNTICA FORTE,0.68,Matriz de diagnóstico,manter,conteúdos operacionais do mesmo contexto,médio,manter,Agente Governança do Viny Brain,sim,needs_review,abaixo do limite de confiança automática ou depende de avaliação semântica humana,,/home/vinicius-alves/viny-brain-backups/Conexoes Obsidian/Onda 1 - 2026-08-06
13 - Base de Conhecimento/01 - Playbooks/Diagnóstico Rápido - SSL DNS e Cloudflare.md,processo,13 - Base de Conhecimento/01 - Playbooks/Domínio com Erro 403.md,processo,SEMÂNTICA FORTE,0.68,Matriz de diagnóstico,manter,conteúdos operacionais do mesmo contexto,médio,manter,Agente Governança do Viny Brain,sim,needs_review,abaixo do limite de confiança automática ou depende de avaliação semântica humana,,/home/vinicius-alves/viny-brain-backups/Conexoes Obsidian/Onda 1 - 2026-08-06
13 - Base de Conhecimento/01 - Playbooks/Diagnóstico Rápido - SSL DNS e Cloudflare.md,processo,13 - Base de Conhecimento/01 - Playbooks/Domínio com Erro 503.md,processo,SEMÂNTICA FORTE,0.68,Matriz de diagnóstico,manter,conteúdos operacionais do mesmo contexto,médio,manter,Agente Governança do Viny Brain,sim,needs_review,abaixo do limite de confiança automática ou depende de avaliação semântica humana,,/home/vinicius-alves/viny-brain-backups/Conexoes Obsidian/Onda 1 - 2026-08-06
13 - Base de Conhecimento/01 - Playbooks/Diagnóstico Rápido - SSL DNS e Cloudflare.md,processo,13 - Base de Conhecimento/01 - Playbooks/Guia Interno Staycloud - Apontamentos DNS.md,processo,SEMÂNTICA FORTE,0.68,Matriz de diagnóstico,manter,conteúdos operacionais do mesmo contexto,médio,manter,Agente Governança do Viny Brain,sim,needs_review,abaixo do limite de confiança automática ou depende de avaliação semântica humana,,/home/vinicius-alves/viny-brain-backups/Conexoes Obsidian/Onda 1 - 2026-08-06
13 - Base de Conhecimento/01 - Playbooks/Diagnóstico Rápido - SSL DNS e Cloudflare.md,processo,13 - Base de Conhecimento/01 - Playbooks/Conferência de Certificado SSL.md,processo,REDUNDANTE,0.95,Links relacionados,sugerir revisão/limpeza,link duplicado dentro da mesma nota,baixo,consolidar link duplicado,Agente Governança do Viny Brain,sim,needs_review,abaixo do limite de confiança automática ou depende de avaliação semântica humana,,/home/vinicius-alves/viny-brain-backups/Conexoes Obsidian/Onda 1 - 2026-08-06
13 - Base de Conhecimento/01 - Playbooks/Diagnóstico Rápido - SSL DNS e Cloudflare.md,processo,13 - Base de Conhecimento/01 - Playbooks/Resolução de Verificação de Acesso via Cloudflare.md,processo,REDUNDANTE,0.95,Links relacionados,sugerir revisão/limpeza,link duplicado dentro da mesma nota,baixo,consolidar link duplicado,Agente Governança do Viny Brain,sim,needs_review,abaixo do limite de confiança automática ou depende de avaliação semântica humana,,/home/vinicius-alves/viny-brain-backups/Conexoes Obsidian/Onda 1 - 2026-08-06
13 - Base de Conhecimento/01 - Playbooks/Diagnóstico Rápido - SSL DNS e Cloudflare.md,processo,13 - Base de Conhecimento/01 - Playbooks/Guia Interno Staycloud - Apontamentos DNS.md,processo,REDUNDANTE,0.95,Links relacionados,sugerir revisão/limpeza,link duplicado dentro da mesma nota,baixo,consolidar link duplicado,Agente Governança do Viny Brain,sim,needs_review,abaixo do limite de confiança automática ou depende de avaliação semântica humana,,/home/vinicius-alves/viny-brain-backups/Conexoes Obsidian/Onda 1 - 2026-08-06
13 - Base de Conhecimento/01 - Playbooks/Diagnóstico Rápido - SSL DNS e Cloudflare.md,processo,13 - Base de Conhecimento/01 - Playbooks/Domínio com Erro 403.md,processo,REDUNDANTE,0.95,Links relacionados,sugerir revisão/limpeza,link duplicado dentro da mesma nota,baixo,consolidar link duplicado,Agente Governança do Viny Brain,sim,needs_review,abaixo do limite de confiança automática ou depende de avaliação semântica humana,,/home/vinicius-alves/viny-brain-backups/Conexoes Obsidian/Onda 1 - 2026-08-06
13 - Base de Conhecimento/01 - Playbooks/Diagnóstico Rápido - SSL DNS e Cloudflare.md,processo,13 - Base de Conhecimento/01 - Playbooks/Domínio com Erro 503.md,processo,REDUNDANTE,0.95,Links relacionados,sugerir revisão/limpeza,link duplicado dentro da mesma nota,baixo,consolidar link duplicado,Agente Governança do Viny Brain,sim,needs_review,abaixo do limite de confiança automática ou depende de avaliação semântica humana,,/home/vinicius-alves/viny-brain-backups/Conexoes Obsidian/Onda 1 - 2026-08-06
13 - Base de Conhecimento/01 - Playbooks/Diagnóstico Rápido - WordPress Erro Crítico e Core.md,processo,13 - Base de Conhecimento/01 - Playbooks/Erro Crítico  no WordPress.md,processo,SEMÂNTICA FORTE,0.68,Matriz de diagnóstico,manter,conteúdos operacionais do mesmo contexto,médio,manter,Agente Governança do Viny Brain,sim,needs_review,abaixo do limite de confiança automática ou depende de avaliação semântica humana,,/home/vinicius-alves/viny-brain-backups/Conexoes Obsidian/Onda 1 - 2026-08-06
13 - Base de Conhecimento/01 - Playbooks/Diagnóstico Rápido - WordPress Erro Crítico e Core.md,processo,13 - Base de Conhecimento/01 - Playbooks/Erro Crítico  no WordPress.md,processo,REDUNDANTE,0.95,Matriz de diagnóstico,sugerir revisão/limpeza,link duplicado dentro da mesma nota,baixo,consolidar link duplicado,Agente Governança do Viny Brain,sim,needs_review,abaixo do limite de confiança automática ou depende de avaliação semântica humana,,/home/vinicius-alves/viny-brain-backups/Conexoes Obsidian/Onda 1 - 2026-08-06
13 - Base de Conhecimento/01 - Playbooks/Diagnóstico Rápido - WordPress Erro Crítico e Core.md,processo,13 - Base de Conhecimento/01 - Playbooks/Erro Crítico  no WordPress.md,processo,REDUNDANTE,0.95,Matriz de diagnóstico,sugerir revisão/limpeza,link duplicado dentro da mesma nota,baixo,consolidar link duplicado,Agente Governança do Viny Brain,sim,needs_review,abaixo do limite de confiança automática ou depende de avaliação semântica humana,,/home/vinicius-alves/viny-brain-backups/Conexoes Obsidian/Onda 1 - 2026-08-06
13 - Base de Conhecimento/01 - Playbooks/Diagnóstico Rápido - WordPress Erro Crítico e Core.md,processo,13 - Base de Conhecimento/01 - Playbooks/Instalação Manual do Core do WordPress.md,processo,SEMÂNTICA FORTE,0.68,Matriz de diagnóstico,manter,conteúdos operacionais do mesmo contexto,médio,manter,Agente Governança do Viny Brain,sim,needs_review,abaixo do limite de confiança automática ou depende de avaliação semântica humana,,/home/vinicius-alves/viny-brain-backups/Conexoes Obsidian/Onda 1 - 2026-08-06
13 - Base de Conhecimento/01 - Playbooks/Diagnóstico Rápido - WordPress Erro Crítico e Core.md,processo,13 - Base de Conhecimento/01 - Playbooks/Restauração do Core do WordPress (Automatico).md,tutorial,SEMÂNTICA FORTE,0.68,Matriz de diagnóstico,manter,conteúdos operacionais do mesmo contexto,médio,manter,Agente Governança do Viny Brain,sim,needs_review,abaixo do limite de confiança automática ou depende de avaliação semântica humana,,/home/vinicius-alves/viny-brain-backups/Conexoes Obsidian/Onda 1 - 2026-08-06
13 - Base de Conhecimento/01 - Playbooks/Diagnóstico Rápido - WordPress Erro Crítico e Core.md,processo,13 - Base de Conhecimento/01 - Playbooks/Erro Crítico  no WordPress.md,processo,REDUNDANTE,0.95,Links relacionados,sugerir revisão/limpeza,link duplicado dentro da mesma nota,baixo,consolidar link duplicado,Agente Governança do Viny Brain,sim,needs_review,abaixo do limite de confiança automática ou depende de avaliação semântica humana,,/home/vinicius-alves/viny-brain-backups/Conexoes Obsidian/Onda 1 - 2026-08-06
13 - Base de Conhecimento/01 - Playbooks/Diagnóstico Rápido - WordPress Erro Crítico e Core.md,processo,13 - Base de Conhecimento/01 - Playbooks/Instalação Manual do Core do WordPress.md,processo,REDUNDANTE,0.95,Links relacionados,sugerir revisão/limpeza,link duplicado dentro da mesma nota,baixo,consolidar link duplicado,Agente Governança do Viny Brain,sim,needs_review,abaixo do limite de confiança automática ou depende de avaliação semântica humana,,/home/vinicius-alves/viny-brain-backups/Conexoes Obsidian/Onda 1 - 2026-08-06
13 - Base de Conhecimento/01 - Playbooks/Diagnóstico Rápido - WordPress Erro Crítico e Core.md,processo,13 - Base de Conhecimento/01 - Playbooks/Restauração do Core do WordPress (Automatico).md,tutorial,REDUNDANTE,0.95,Links relacionados,sugerir revisão/limpeza,link duplicado dentro da mesma nota,baixo,consolidar link duplicado,Agente Governança do Viny Brain,sim,needs_review,abaixo do limite de confiança automática ou depende de avaliação semântica humana,,/home/vinicius-alves/viny-brain-backups/Conexoes Obsidian/Onda 1 - 2026-08-06
13 - Base de Conhecimento/01 - Playbooks/Diagnóstico Rápido - WordPress Erro Crítico e Core.md,processo,13 - Base de Conhecimento/01 - Playbooks/Alteração de Senha do WordPress via phpMyAdmin.md,tutorial,SEMÂNTICA FORTE,0.68,Links relacionados,manter,conteúdos operacionais do mesmo contexto,médio,manter,Agente Governança do Viny Brain,sim,needs_review,abaixo do limite de confiança automática ou depende de avaliação semântica humana,,/home/vinicius-alves/viny-brain-backups/Conexoes Obsidian/Onda 1 - 2026-08-06
13 - Base de Conhecimento/01 - Playbooks/Diagnóstico Rápido - WordPress Erro Crítico e Core.md,processo,13 - Base de Conhecimento/01 - Playbooks/Conferência de Certificado SSL.md,processo,SEMÂNTICA FORTE,0.68,Links relacionados,manter,conteúdos operacionais do mesmo contexto,médio,manter,Agente Governança do Viny Brain,sim,needs_review,abaixo do limite de confiança automática ou depende de avaliação semântica humana,,/home/vinicius-alves/viny-brain-backups/Conexoes Obsidian/Onda 1 - 2026-08-06
13 - Base de Conhecimento/01 - Playbooks/Diagnóstico de Autenticação de E-mail via CLI (/var/log/maillog).md,tutorial,13 - Base de Conhecimento/00 - Índice/Índice Geral.md,índice,GENÉRICA,0.58,Conexões internas,sugerir revisão/limpeza,link para hub amplo fora de seção claramente navegacional,médio,substituir por link ao MOC,Agente Governança do Viny Brain,sim,needs_review,abaixo do limite de confiança automática ou depende de avaliação semântica humana,,/home/vinicius-alves/viny-brain-backups/Conexoes Obsidian/Onda 1 - 2026-08-06
13 - Base de Conhecimento/01 - Playbooks/Diagnóstico de Autenticação de E-mail via CLI (/var/log/maillog).md,tutorial,13 - Base de Conhecimento/00 - Índice/Mapa por Temas.md,MOC ou mapa,GENÉRICA,0.58,Conexões internas,sugerir revisão/limpeza,link para hub amplo fora de seção claramente navegacional,médio,substituir por link ao MOC,Agente Governança do Viny Brain,sim,needs_review,abaixo do limite de confiança automática ou depende de avaliação semântica humana,,/home/vinicius-alves/viny-brain-backups/Conexoes Obsidian/Onda 1 - 2026-08-06
13 - Base de Conhecimento/01 - Playbooks/Diagnóstico de Autenticação de E-mail via CLI (/var/log/maillog).md,tutorial,13 - Base de Conhecimento/01 - Playbooks/Rastreamento de E-mails via CLI (Exim Mainlog).md,tutorial,SEMÂNTICA FORTE,0.68,Conexões internas,manter,conteúdos operacionais do mesmo contexto,médio,manter,Agente Governança do Viny Brain,sim,needs_review,abaixo do limite de confiança automática ou depende de avaliação semântica humana,,/home/vinicius-alves/viny-brain-backups/Conexoes Obsidian/Onda 1 - 2026-08-06
13 - Base de Conhecimento/01 - Playbooks/Diagnóstico de Autenticação de E-mail via CLI (/var/log/maillog).md,tutorial,13 - Base de Conhecimento/01 - Playbooks/Migração de E-mails.md,processo,SEMÂNTICA FORTE,0.68,Conexões internas,manter,conteúdos operacionais do mesmo contexto,médio,manter,Agente Governança do Viny Brain,sim,needs_review,abaixo do limite de confiança automática ou depende de avaliação semântica humana,,/home/vinicius-alves/viny-brain-backups/Conexoes Obsidian/Onda 1 - 2026-08-06
13 - Base de Conhecimento/01 - Playbooks/Domínio com Erro 403.md,processo,13 - Base de Conhecimento/00 - Índice/Índice Geral.md,índice,NAVEGAÇÃO,0.75,Conexões internas,manter,playbook/processo aponta para índice temático previsto pelo fluxo antigo,baixo,manter,Agente Governança do Viny Brain,não,preserved,preservado por ser link forte/navegação/rastreabilidade ou sem autorização de remoção automática,,/home/vinicius-alves/viny-brain-backups/Conexoes Obsidian/Onda 1 - 2026-08-06
13 - Base de Conhecimento/01 - Playbooks/Domínio com Erro 403.md,processo,13 - Base de Conhecimento/00 - Índice/Mapa por Temas.md,MOC ou mapa,NAVEGAÇÃO,0.75,Conexões internas,manter,playbook/processo aponta para índice temático previsto pelo fluxo antigo,baixo,manter,Agente Governança do Viny Brain,não,preserved,preservado por ser link forte/navegação/rastreabilidade ou sem autorização de remoção automática,,/home/vinicius-alves/viny-brain-backups/Conexoes Obsidian/Onda 1 - 2026-08-06
13 - Base de Conhecimento/01 - Playbooks/Domínio com Erro 403.md,processo,13 - Base de Conhecimento/01 - Playbooks/Conferência de Certificado SSL.md,processo,SEMÂNTICA FORTE,0.68,Conexões internas,manter,conteúdos operacionais do mesmo contexto,médio,manter,Agente Governança do Viny Brain,sim,needs_review,abaixo do limite de confiança automática ou depende de avaliação semântica humana,,/home/vinicius-alves/viny-brain-backups/Conexoes Obsidian/Onda 1 - 2026-08-06
13 - Base de Conhecimento/01 - Playbooks/Domínio com Erro 403.md,processo,13 - Base de Conhecimento/01 - Playbooks/Domínio com Erro 503.md,processo,SEMÂNTICA FORTE,0.68,Conexões internas,manter,conteúdos operacionais do mesmo contexto,médio,manter,Agente Governança do Viny Brain,sim,needs_review,abaixo do limite de confiança automática ou depende de avaliação semântica humana,,/home/vinicius-alves/viny-brain-backups/Conexoes Obsidian/Onda 1 - 2026-08-06
13 - Base de Conhecimento/01 - Playbooks/Domínio com Erro 403.md,processo,13 - Base de Conhecimento/01 - Playbooks/Resolução de Verificação de Acesso via Cloudflare.md,processo,SEMÂNTICA FORTE,0.68,Conexões internas,manter,conteúdos operacionais do mesmo contexto,médio,manter,Agente Governança do Viny Brain,sim,needs_review,abaixo do limite de confiança automática ou depende de avaliação semântica humana,,/home/vinicius-alves/viny-brain-backups/Conexoes Obsidian/Onda 1 - 2026-08-06
13 - Base de Conhecimento/01 - Playbooks/Domínio com Erro 403.md,processo,13 - Base de Conhecimento/01 - Playbooks/Guia Interno Staycloud - Apontamentos DNS.md,processo,SEMÂNTICA FORTE,0.68,Conexões internas,manter,conteúdos operacionais do mesmo contexto,médio,manter,Agente Governança do Viny Brain,sim,needs_review,abaixo do limite de confiança automática ou depende de avaliação semântica humana,,/home/vinicius-alves/viny-brain-backups/Conexoes Obsidian/Onda 1 - 2026-08-06
13 - Base de Conhecimento/01 - Playbooks/Domínio com Erro 503.md,processo,13 - Base de Conhecimento/00 - Índice/Índice Geral.md,índice,NAVEGAÇÃO,0.75,Conexões internas,manter,playbook/processo aponta para índice temático previsto pelo fluxo antigo,baixo,manter,Agente Governança do Viny Brain,não,preserved,preservado por ser link forte/navegação/rastreabilidade ou sem autorização de remoção automática,,/home/vinicius-alves/viny-brain-backups/Conexoes Obsidian/Onda 1 - 2026-08-06
13 - Base de Conhecimento/01 - Playbooks/Domínio com Erro 503.md,processo,13 - Base de Conhecimento/00 - Índice/Mapa por Temas.md,MOC ou mapa,NAVEGAÇÃO,0.75,Conexões internas,manter,playbook/processo aponta para índice temático previsto pelo fluxo antigo,baixo,manter,Agente Governança do Viny Brain,não,preserved,preservado por ser link forte/navegação/rastreabilidade ou sem autorização de remoção automática,,/home/vinicius-alves/viny-brain-backups/Conexoes Obsidian/Onda 1 - 2026-08-06
13 - Base de Conhecimento/01 - Playbooks/Domínio com Erro 503.md,processo,13 - Base de Conhecimento/01 - Playbooks/Otimização de Cache na Cloudflare.md,tutorial,SEMÂNTICA FORTE,0.68,Conexões internas,manter,conteúdos operacionais do mesmo contexto,médio,manter,Agente Governança do Viny Brain,sim,needs_review,abaixo do limite de confiança automática ou depende de avaliação semântica humana,,/home/vinicius-alves/viny-brain-backups/Conexoes Obsidian/Onda 1 - 2026-08-06
13 - Base de Conhecimento/01 - Playbooks/Domínio com Erro 503.md,processo,13 - Base de Conhecimento/01 - Playbooks/Conferência de Certificado SSL.md,processo,SEMÂNTICA FORTE,0.68,Conexões internas,manter,conteúdos operacionais do mesmo contexto,médio,manter,Agente Governança do Viny Brain,sim,needs_review,abaixo do limite de confiança automática ou depende de avaliação semântica humana,,/home/vinicius-alves/viny-brain-backups/Conexoes Obsidian/Onda 1 - 2026-08-06
13 - Base de Conhecimento/01 - Playbooks/Domínio com Erro 503.md,processo,13 - Base de Conhecimento/01 - Playbooks/Resolução de Verificação de Acesso via Cloudflare.md,processo,SEMÂNTICA FORTE,0.68,Conexões internas,manter,conteúdos operacionais do mesmo contexto,médio,manter,Agente Governança do Viny Brain,sim,needs_review,abaixo do limite de confiança automática ou depende de avaliação semântica humana,,/home/vinicius-alves/viny-brain-backups/Conexoes Obsidian/Onda 1 - 2026-08-06
13 - Base de Conhecimento/01 - Playbooks/Domínio com Erro 503.md,processo,13 - Base de Conhecimento/01 - Playbooks/Guia Interno Staycloud - Apontamentos DNS.md,processo,SEMÂNTICA FORTE,0.68,Conexões internas,manter,conteúdos operacionais do mesmo contexto,médio,manter,Agente Governança do Viny Brain,sim,needs_review,abaixo do limite de confiança automática ou depende de avaliação semântica humana,,/home/vinicius-alves/viny-brain-backups/Conexoes Obsidian/Onda 1 - 2026-08-06
13 - Base de Conhecimento/01 - Playbooks/Domínio com Erro 503.md,processo,13 - Base de Conhecimento/01 - Playbooks/Domínio com Erro 403.md,processo,SEMÂNTICA FORTE,0.68,Conexões internas,manter,conteúdos operacionais do mesmo contexto,médio,manter,Agente Governança do Viny Brain,sim,needs_review,abaixo do limite de confiança automática ou depende de avaliação semântica humana,,/home/vinicius-alves/viny-brain-backups/Conexoes Obsidian/Onda 1 - 2026-08-06
13 - Base de Conhecimento/01 - Playbooks/Entendendo o WHM (WebHost Manager).md,tutorial,13 - Base de Conhecimento/00 - Índice/Índice Geral.md,índice,GENÉRICA,0.58,Conexões internas,sugerir revisão/limpeza,link para hub amplo fora de seção claramente navegacional,médio,substituir por link ao MOC,Agente Governança do Viny Brain,sim,needs_review,abaixo do limite de confiança automática ou depende de avaliação semântica humana,,/home/vinicius-alves/viny-brain-backups/Conexoes Obsidian/Onda 1 - 2026-08-06
13 - Base de Conhecimento/01 - Playbooks/Entendendo o WHM (WebHost Manager).md,tutorial,13 - Base de Conhecimento/00 - Índice/Mapa por Temas.md,MOC ou mapa,GENÉRICA,0.58,Conexões internas,sugerir revisão/limpeza,link para hub amplo fora de seção claramente navegacional,médio,substituir por link ao MOC,Agente Governança do Viny Brain,sim,needs_review,abaixo do limite de confiança automática ou depende de avaliação semântica humana,,/home/vinicius-alves/viny-brain-backups/Conexoes Obsidian/Onda 1 - 2026-08-06
13 - Base de Conhecimento/01 - Playbooks/Entendendo o WHM (WebHost Manager).md,tutorial,13 - Base de Conhecimento/01 - Playbooks/Como Acessar o Painel de Controle (cPanel).md,tutorial,SEMÂNTICA FORTE,0.68,Conexões internas,manter,conteúdos operacionais do mesmo contexto,médio,manter,Agente Governança do Viny Brain,sim,needs_review,abaixo do limite de confiança automática ou depende de avaliação semântica humana,,/home/vinicius-alves/viny-brain-backups/Conexoes Obsidian/Onda 1 - 2026-08-06
13 - Base de Conhecimento/01 - Playbooks/Entendendo o WHM (WebHost Manager).md,tutorial,13 - Base de Conhecimento/01 - Playbooks/Criação de Banco de Dados (cPanel).md,tutorial,SEMÂNTICA FORTE,0.68,Conexões internas,manter,conteúdos operacionais do mesmo contexto,médio,manter,Agente Governança do Viny Brain,sim,needs_review,abaixo do limite de confiança automática ou depende de avaliação semântica humana,,/home/vinicius-alves/viny-brain-backups/Conexoes Obsidian/Onda 1 - 2026-08-06
13 - Base de Conhecimento/01 - Playbooks/Entendendo o WHM (WebHost Manager).md,tutorial,13 - Base de Conhecimento/01 - Playbooks/Voltar do MultiPHP Manager (cPanel) para o PHP Selector (CloudLinux).md,tutorial,SEMÂNTICA FORTE,0.68,Conexões internas,manter,conteúdos operacionais do mesmo contexto,médio,manter,Agente Governança do Viny Brain,sim,needs_review,abaixo do limite de confiança automática ou depende de avaliação semântica humana,,/home/vinicius-alves/viny-brain-backups/Conexoes Obsidian/Onda 1 - 2026-08-06
13 - Base de Conhecimento/01 - Playbooks/Erro de Curl Timeout ao Acessar cPanel.md,tutorial,13 - Base de Conhecimento/00 - Índice/Índice Geral.md,índice,GENÉRICA,0.58,Conexões internas,sugerir revisão/limpeza,link para hub amplo fora de seção claramente navegacional,médio,substituir por link ao MOC,Agente Governança do Viny Brain,sim,needs_review,abaixo do limite de confiança automática ou depende de avaliação semântica humana,,/home/vinicius-alves/viny-brain-backups/Conexoes Obsidian/Onda 1 - 2026-08-06
13 - Base de Conhecimento/01 - Playbooks/Erro de Curl Timeout ao Acessar cPanel.md,tutorial,13 - Base de Conhecimento/00 - Índice/Mapa por Temas.md,MOC ou mapa,GENÉRICA,0.58,Conexões internas,sugerir revisão/limpeza,link para hub amplo fora de seção claramente navegacional,médio,substituir por link ao MOC,Agente Governança do Viny Brain,sim,needs_review,abaixo do limite de confiança automática ou depende de avaliação semântica humana,,/home/vinicius-alves/viny-brain-backups/Conexoes Obsidian/Onda 1 - 2026-08-06
13 - Base de Conhecimento/01 - Playbooks/Erro de Curl Timeout ao Acessar cPanel.md,tutorial,13 - Base de Conhecimento/01 - Playbooks/Como Acessar o Painel de Controle (cPanel).md,tutorial,SEMÂNTICA FORTE,0.68,Conexões internas,manter,conteúdos operacionais do mesmo contexto,médio,manter,Agente Governança do Viny Brain,sim,needs_review,abaixo do limite de confiança automática ou depende de avaliação semântica humana,,/home/vinicius-alves/viny-brain-backups/Conexoes Obsidian/Onda 1 - 2026-08-06
13 - Base de Conhecimento/01 - Playbooks/Erro de Curl Timeout ao Acessar cPanel.md,tutorial,13 - Base de Conhecimento/01 - Playbooks/Checklist Inicial - StayCloud.md,tutorial,SEMÂNTICA FORTE,0.68,Conexões internas,manter,conteúdos operacionais do mesmo contexto,médio,manter,Agente Governança do Viny Brain,sim,needs_review,abaixo do limite de confiança automática ou depende de avaliação semântica humana,,/home/vinicius-alves/viny-brain-backups/Conexoes Obsidian/Onda 1 - 2026-08-06
13 - Base de Conhecimento/01 - Playbooks/Erro de Curl Timeout ao Acessar cPanel.md,tutorial,13 - Base de Conhecimento/01 - Playbooks/Criação de Banco de Dados (cPanel).md,tutorial,SEMÂNTICA FORTE,0.68,Conexões internas,manter,conteúdos operacionais do mesmo contexto,médio,manter,Agente Governança do Viny Brain,sim,needs_review,abaixo do limite de confiança automática ou depende de avaliação semântica humana,,/home/vinicius-alves/viny-brain-backups/Conexoes Obsidian/Onda 1 - 2026-08-06
13 - Base de Conhecimento/01 - Playbooks/Gestão de Limite de Envios de E-mail (cPanel).md,tutorial,13 - Base de Conhecimento/00 - Índice/Índice Geral.md,índice,GENÉRICA,0.58,Conexões internas,sugerir revisão/limpeza,link para hub amplo fora de seção claramente navegacional,médio,substituir por link ao MOC,Agente Governança do Viny Brain,sim,needs_review,abaixo do limite de confiança automática ou depende de avaliação semântica humana,,/home/vinicius-alves/viny-brain-backups/Conexoes Obsidian/Onda 1 - 2026-08-06
13 - Base de Conhecimento/01 - Playbooks/Gestão de Limite de Envios de E-mail (cPanel).md,tutorial,13 - Base de Conhecimento/00 - Índice/Mapa por Temas.md,MOC ou mapa,GENÉRICA,0.58,Conexões internas,sugerir revisão/limpeza,link para hub amplo fora de seção claramente navegacional,médio,substituir por link ao MOC,Agente Governança do Viny Brain,sim,needs_review,abaixo do limite de confiança automática ou depende de avaliação semântica humana,,/home/vinicius-alves/viny-brain-backups/Conexoes Obsidian/Onda 1 - 2026-08-06
13 - Base de Conhecimento/01 - Playbooks/Gestão de Limite de Envios de E-mail (cPanel).md,tutorial,13 - Base de Conhecimento/01 - Playbooks/Procedimento de Acesso a Contas de E-mail via cPanel.md,processo,SEMÂNTICA FORTE,0.68,Conexões internas,manter,conteúdos operacionais do mesmo contexto,médio,manter,Agente Governança do Viny Brain,sim,needs_review,abaixo do limite de confiança automática ou depende de avaliação semântica humana,,/home/vinicius-alves/viny-brain-backups/Conexoes Obsidian/Onda 1 - 2026-08-06
13 - Base de Conhecimento/01 - Playbooks/Gestão de Limite de Envios de E-mail (cPanel).md,tutorial,13 - Base de Conhecimento/01 - Playbooks/Resolução de Conflitos de DNS de E-mail.md,processo,SEMÂNTICA FORTE,0.68,Conexões internas,manter,conteúdos operacionais do mesmo contexto,médio,manter,Agente Governança do Viny Brain,sim,needs_review,abaixo do limite de confiança automática ou depende de avaliação semântica humana,,/home/vinicius-alves/viny-brain-backups/Conexoes Obsidian/Onda 1 - 2026-08-06
13 - Base de Conhecimento/01 - Playbooks/Gestão de Limite de Envios de E-mail (cPanel).md,tutorial,13 - Base de Conhecimento/01 - Playbooks/Como Acessar o Painel de Controle (cPanel).md,tutorial,SEMÂNTICA FORTE,0.68,Conexões internas,manter,conteúdos operacionais do mesmo contexto,médio,manter,Agente Governança do Viny Brain,sim,needs_review,abaixo do limite de confiança automática ou depende de avaliação semântica humana,,/home/vinicius-alves/viny-brain-backups/Conexoes Obsidian/Onda 1 - 2026-08-06
13 - Base de Conhecimento/01 - Playbooks/Guia Interno Staycloud - Apontamentos DNS.md,processo,13 - Base de Conhecimento/00 - Índice/Índice Geral.md,índice,NAVEGAÇÃO,0.75,Conexões internas,manter,playbook/processo aponta para índice temático previsto pelo fluxo antigo,baixo,manter,Agente Governança do Viny Brain,não,preserved,preservado por ser link forte/navegação/rastreabilidade ou sem autorização de remoção automática,,/home/vinicius-alves/viny-brain-backups/Conexoes Obsidian/Onda 1 - 2026-08-06
13 - Base de Conhecimento/01 - Playbooks/Guia Interno Staycloud - Apontamentos DNS.md,processo,13 - Base de Conhecimento/00 - Índice/Mapa por Temas.md,MOC ou mapa,NAVEGAÇÃO,0.75,Conexões internas,manter,playbook/processo aponta para índice temático previsto pelo fluxo antigo,baixo,manter,Agente Governança do Viny Brain,não,preserved,preservado por ser link forte/navegação/rastreabilidade ou sem autorização de remoção automática,,/home/vinicius-alves/viny-brain-backups/Conexoes Obsidian/Onda 1 - 2026-08-06
13 - Base de Conhecimento/01 - Playbooks/Guia Interno Staycloud - Apontamentos DNS.md,processo,13 - Base de Conhecimento/01 - Playbooks/Como Renovar o Domínio.md,tutorial,SEMÂNTICA FORTE,0.68,Conexões internas,manter,conteúdos operacionais do mesmo contexto,médio,manter,Agente Governança do Viny Brain,sim,needs_review,abaixo do limite de confiança automática ou depende de avaliação semântica humana,,/home/vinicius-alves/viny-brain-backups/Conexoes Obsidian/Onda 1 - 2026-08-06
13 - Base de Conhecimento/01 - Playbooks/Guia Interno Staycloud - Apontamentos DNS.md,processo,13 - Base de Conhecimento/01 - Playbooks/Resolução de Conflitos de DNS de E-mail.md,processo,SEMÂNTICA FORTE,0.68,Conexões internas,manter,conteúdos operacionais do mesmo contexto,médio,manter,Agente Governança do Viny Brain,sim,needs_review,abaixo do limite de confiança automática ou depende de avaliação semântica humana,,/home/vinicius-alves/viny-brain-backups/Conexoes Obsidian/Onda 1 - 2026-08-06
13 - Base de Conhecimento/01 - Playbooks/Guia Interno Staycloud - Apontamentos DNS.md,processo,13 - Base de Conhecimento/01 - Playbooks/Otimização de Cache na Cloudflare.md,tutorial,SEMÂNTICA FORTE,0.68,Conexões internas,manter,conteúdos operacionais do mesmo contexto,médio,manter,Agente Governança do Viny Brain,sim,needs_review,abaixo do limite de confiança automática ou depende de avaliação semântica humana,,/home/vinicius-alves/viny-brain-backups/Conexoes Obsidian/Onda 1 - 2026-08-06
13 - Base de Conhecimento/01 - Playbooks/Guia Interno Staycloud - Apontamentos DNS.md,processo,13 - Base de Conhecimento/01 - Playbooks/Conferência de Certificado SSL.md,processo,SEMÂNTICA FORTE,0.68,Conexões internas,manter,conteúdos operacionais do mesmo contexto,médio,manter,Agente Governança do Viny Brain,sim,needs_review,abaixo do limite de confiança automática ou depende de avaliação semântica humana,,/home/vinicius-alves/viny-brain-backups/Conexoes Obsidian/Onda 1 - 2026-08-06
13 - Base de Conhecimento/01 - Playbooks/Guia Interno Staycloud - Apontamentos DNS.md,processo,13 - Base de Conhecimento/01 - Playbooks/Resolução de Verificação de Acesso via Cloudflare.md,processo,SEMÂNTICA FORTE,0.68,Conexões internas,manter,conteúdos operacionais do mesmo contexto,médio,manter,Agente Governança do Viny Brain,sim,needs_review,abaixo do limite de confiança automática ou depende de avaliação semântica humana,,/home/vinicius-alves/viny-brain-backups/Conexoes Obsidian/Onda 1 - 2026-08-06
13 - Base de Conhecimento/01 - Playbooks/Guia Interno Staycloud - Apontamentos DNS.md,processo,13 - Base de Conhecimento/01 - Playbooks/Domínio com Erro 403.md,processo,SEMÂNTICA FORTE,0.68,Conexões internas,manter,conteúdos operacionais do mesmo contexto,médio,manter,Agente Governança do Viny Brain,sim,needs_review,abaixo do limite de confiança automática ou depende de avaliação semântica humana,,/home/vinicius-alves/viny-brain-backups/Conexoes Obsidian/Onda 1 - 2026-08-06
13 - Base de Conhecimento/01 - Playbooks/Guia Interno Staycloud - Apontamentos DNS.md,processo,13 - Base de Conhecimento/01 - Playbooks/Domínio com Erro 503.md,processo,SEMÂNTICA FORTE,0.68,Conexões internas,manter,conteúdos operacionais do mesmo contexto,médio,manter,Agente Governança do Viny Brain,sim,needs_review,abaixo do limite de confiança automática ou depende de avaliação semântica humana,,/home/vinicius-alves/viny-brain-backups/Conexoes Obsidian/Onda 1 - 2026-08-06
13 - Base de Conhecimento/01 - Playbooks/Higienização de Storage e Remoção de Backups Obsoletos.md,tutorial,13 - Base de Conhecimento/00 - Índice/Índice Geral.md,índice,GENÉRICA,0.58,Conexões internas,sugerir revisão/limpeza,link para hub amplo fora de seção claramente navegacional,médio,substituir por link ao MOC,Agente Governança do Viny Brain,sim,needs_review,abaixo do limite de confiança automática ou depende de avaliação semântica humana,,/home/vinicius-alves/viny-brain-backups/Conexoes Obsidian/Onda 1 - 2026-08-06
13 - Base de Conhecimento/01 - Playbooks/Higienização de Storage e Remoção de Backups Obsoletos.md,tutorial,13 - Base de Conhecimento/00 - Índice/Mapa por Temas.md,MOC ou mapa,GENÉRICA,0.58,Conexões internas,sugerir revisão/limpeza,link para hub amplo fora de seção claramente navegacional,médio,substituir por link ao MOC,Agente Governança do Viny Brain,sim,needs_review,abaixo do limite de confiança automática ou depende de avaliação semântica humana,,/home/vinicius-alves/viny-brain-backups/Conexoes Obsidian/Onda 1 - 2026-08-06
13 - Base de Conhecimento/01 - Playbooks/Higienização de Storage e Remoção de Backups Obsoletos.md,tutorial,13 - Base de Conhecimento/01 - Playbooks/Política de Retenção e Gestão de Backups (JetBackup).md,tutorial,SEMÂNTICA FORTE,0.68,Conexões internas,manter,conteúdos operacionais do mesmo contexto,médio,manter,Agente Governança do Viny Brain,sim,needs_review,abaixo do limite de confiança automática ou depende de avaliação semântica humana,,/home/vinicius-alves/viny-brain-backups/Conexoes Obsidian/Onda 1 - 2026-08-06
13 - Base de Conhecimento/01 - Playbooks/Higienização de Storage e Remoção de Backups Obsoletos.md,tutorial,13 - Base de Conhecimento/01 - Playbooks/Restauração do Core do WordPress (Automatico).md,tutorial,SEMÂNTICA FORTE,0.68,Conexões internas,manter,conteúdos operacionais do mesmo contexto,médio,manter,Agente Governança do Viny Brain,sim,needs_review,abaixo do limite de confiança automática ou depende de avaliação semântica humana,,/home/vinicius-alves/viny-brain-backups/Conexoes Obsidian/Onda 1 - 2026-08-06
13 - Base de Conhecimento/01 - Playbooks/Limitação das Caixas de E-mails.md,tutorial,13 - Base de Conhecimento/00 - Índice/Índice Geral.md,índice,GENÉRICA,0.58,Conexões internas,sugerir revisão/limpeza,link para hub amplo fora de seção claramente navegacional,médio,substituir por link ao MOC,Agente Governança do Viny Brain,sim,needs_review,abaixo do limite de confiança automática ou depende de avaliação semântica humana,,/home/vinicius-alves/viny-brain-backups/Conexoes Obsidian/Onda 1 - 2026-08-06
13 - Base de Conhecimento/01 - Playbooks/Limitação das Caixas de E-mails.md,tutorial,13 - Base de Conhecimento/00 - Índice/Mapa por Temas.md,MOC ou mapa,GENÉRICA,0.58,Conexões internas,sugerir revisão/limpeza,link para hub amplo fora de seção claramente navegacional,médio,substituir por link ao MOC,Agente Governança do Viny Brain,sim,needs_review,abaixo do limite de confiança automática ou depende de avaliação semântica humana,,/home/vinicius-alves/viny-brain-backups/Conexoes Obsidian/Onda 1 - 2026-08-06
13 - Base de Conhecimento/01 - Playbooks/Limitação das Caixas de E-mails.md,tutorial,13 - Base de Conhecimento/01 - Playbooks/Gestão de Limite de Envios de E-mail (cPanel).md,tutorial,SEMÂNTICA FORTE,0.68,Conexões internas,manter,conteúdos operacionais do mesmo contexto,médio,manter,Agente Governança do Viny Brain,sim,needs_review,abaixo do limite de confiança automática ou depende de avaliação semântica humana,,/home/vinicius-alves/viny-brain-backups/Conexoes Obsidian/Onda 1 - 2026-08-06
13 - Base de Conhecimento/01 - Playbooks/Limitação das Caixas de E-mails.md,tutorial,13 - Base de Conhecimento/01 - Playbooks/Procedimento de Acesso a Contas de E-mail via cPanel.md,processo,SEMÂNTICA FORTE,0.68,Conexões internas,manter,conteúdos operacionais do mesmo contexto,médio,manter,Agente Governança do Viny Brain,sim,needs_review,abaixo do limite de confiança automática ou depende de avaliação semântica humana,,/home/vinicius-alves/viny-brain-backups/Conexoes Obsidian/Onda 1 - 2026-08-06
13 - Base de Conhecimento/01 - Playbooks/Localização e Edição do Arquivo Hosts (Windows vs Server).md,tutorial,13 - Base de Conhecimento/00 - Índice/Índice Geral.md,índice,GENÉRICA,0.58,Conexões internas,sugerir revisão/limpeza,link para hub amplo fora de seção claramente navegacional,médio,substituir por link ao MOC,Agente Governança do Viny Brain,sim,needs_review,abaixo do limite de confiança automática ou depende de avaliação semântica humana,,/home/vinicius-alves/viny-brain-backups/Conexoes Obsidian/Onda 1 - 2026-08-06
13 - Base de Conhecimento/01 - Playbooks/Localização e Edição do Arquivo Hosts (Windows vs Server).md,tutorial,13 - Base de Conhecimento/00 - Índice/Mapa por Temas.md,MOC ou mapa,GENÉRICA,0.58,Conexões internas,sugerir revisão/limpeza,link para hub amplo fora de seção claramente navegacional,médio,substituir por link ao MOC,Agente Governança do Viny Brain,sim,needs_review,abaixo do limite de confiança automática ou depende de avaliação semântica humana,,/home/vinicius-alves/viny-brain-backups/Conexoes Obsidian/Onda 1 - 2026-08-06
13 - Base de Conhecimento/01 - Playbooks/Localização e Edição do Arquivo Hosts (Windows vs Server).md,tutorial,13 - Base de Conhecimento/01 - Playbooks/Apontamento Local via Arquivo hosts no Linux.md,tutorial,SEMÂNTICA FORTE,0.68,Conexões internas,manter,conteúdos operacionais do mesmo contexto,médio,manter,Agente Governança do Viny Brain,sim,needs_review,abaixo do limite de confiança automática ou depende de avaliação semântica humana,,/home/vinicius-alves/viny-brain-backups/Conexoes Obsidian/Onda 1 - 2026-08-06
13 - Base de Conhecimento/01 - Playbooks/Localização e Edição do Arquivo Hosts (Windows vs Server).md,tutorial,13 - Base de Conhecimento/01 - Playbooks/Configuração de Novo Domínio.md,tutorial,SEMÂNTICA FORTE,0.68,Conexões internas,manter,conteúdos operacionais do mesmo contexto,médio,manter,Agente Governança do Viny Brain,sim,needs_review,abaixo do limite de confiança automática ou depende de avaliação semântica humana,,/home/vinicius-alves/viny-brain-backups/Conexoes Obsidian/Onda 1 - 2026-08-06
13 - Base de Conhecimento/01 - Playbooks/Migração de E-mails.md,processo,13 - Base de Conhecimento/00 - Índice/Índice Geral.md,índice,NAVEGAÇÃO,0.75,Conexões internas,manter,playbook/processo aponta para índice temático previsto pelo fluxo antigo,baixo,manter,Agente Governança do Viny Brain,não,preserved,preservado por ser link forte/navegação/rastreabilidade ou sem autorização de remoção automática,,/home/vinicius-alves/viny-brain-backups/Conexoes Obsidian/Onda 1 - 2026-08-06
13 - Base de Conhecimento/01 - Playbooks/Migração de E-mails.md,processo,13 - Base de Conhecimento/00 - Índice/Mapa por Temas.md,MOC ou mapa,NAVEGAÇÃO,0.75,Conexões internas,manter,playbook/processo aponta para índice temático previsto pelo fluxo antigo,baixo,manter,Agente Governança do Viny Brain,não,preserved,preservado por ser link forte/navegação/rastreabilidade ou sem autorização de remoção automática,,/home/vinicius-alves/viny-brain-backups/Conexoes Obsidian/Onda 1 - 2026-08-06
13 - Base de Conhecimento/01 - Playbooks/Migração de E-mails.md,processo,13 - Base de Conhecimento/01 - Playbooks/Procedimento de Acesso a Contas de E-mail via cPanel.md,processo,SEMÂNTICA FORTE,0.68,Conexões internas,manter,conteúdos operacionais do mesmo contexto,médio,manter,Agente Governança do Viny Brain,sim,needs_review,abaixo do limite de confiança automática ou depende de avaliação semântica humana,,/home/vinicius-alves/viny-brain-backups/Conexoes Obsidian/Onda 1 - 2026-08-06
13 - Base de Conhecimento/01 - Playbooks/Migração de E-mails.md,processo,13 - Base de Conhecimento/01 - Playbooks/Resolução de Conflitos de DNS de E-mail.md,processo,SEMÂNTICA FORTE,0.68,Conexões internas,manter,conteúdos operacionais do mesmo contexto,médio,manter,Agente Governança do Viny Brain,sim,needs_review,abaixo do limite de confiança automática ou depende de avaliação semântica humana,,/home/vinicius-alves/viny-brain-backups/Conexoes Obsidian/Onda 1 - 2026-08-06
13 - Base de Conhecimento/01 - Playbooks/Migração de E-mails.md,processo,13 - Base de Conhecimento/01 - Playbooks/Rastreamento de E-mails via CLI (Exim Mainlog).md,tutorial,SEMÂNTICA FORTE,0.68,Conexões internas,manter,conteúdos operacionais do mesmo contexto,médio,manter,Agente Governança do Viny Brain,sim,needs_review,abaixo do limite de confiança automática ou depende de avaliação semântica humana,,/home/vinicius-alves/viny-brain-backups/Conexoes Obsidian/Onda 1 - 2026-08-06
13 - Base de Conhecimento/01 - Playbooks/Migração de E-mails.md,processo,13 - Base de Conhecimento/01 - Playbooks/Gestão de Limite de Envios de E-mail (cPanel).md,tutorial,SEMÂNTICA FORTE,0.68,Conexões internas,manter,conteúdos operacionais do mesmo contexto,médio,manter,Agente Governança do Viny Brain,sim,needs_review,abaixo do limite de confiança automática ou depende de avaliação semântica humana,,/home/vinicius-alves/viny-brain-backups/Conexoes Obsidian/Onda 1 - 2026-08-06
13 - Base de Conhecimento/01 - Playbooks/Migração de E-mails.md,processo,13 - Base de Conhecimento/01 - Playbooks/Limitação das Caixas de E-mails.md,tutorial,SEMÂNTICA FORTE,0.68,Conexões internas,manter,conteúdos operacionais do mesmo contexto,médio,manter,Agente Governança do Viny Brain,sim,needs_review,abaixo do limite de confiança automática ou depende de avaliação semântica humana,,/home/vinicius-alves/viny-brain-backups/Conexoes Obsidian/Onda 1 - 2026-08-06
13 - Base de Conhecimento/01 - Playbooks/Otimização de Cache na Cloudflare.md,tutorial,13 - Base de Conhecimento/00 - Índice/Índice Geral.md,índice,GENÉRICA,0.58,Conexões internas,sugerir revisão/limpeza,link para hub amplo fora de seção claramente navegacional,médio,substituir por link ao MOC,Agente Governança do Viny Brain,sim,needs_review,abaixo do limite de confiança automática ou depende de avaliação semântica humana,,/home/vinicius-alves/viny-brain-backups/Conexoes Obsidian/Onda 1 - 2026-08-06
13 - Base de Conhecimento/01 - Playbooks/Otimização de Cache na Cloudflare.md,tutorial,13 - Base de Conhecimento/00 - Índice/Mapa por Temas.md,MOC ou mapa,GENÉRICA,0.58,Conexões internas,sugerir revisão/limpeza,link para hub amplo fora de seção claramente navegacional,médio,substituir por link ao MOC,Agente Governança do Viny Brain,sim,needs_review,abaixo do limite de confiança automática ou depende de avaliação semântica humana,,/home/vinicius-alves/viny-brain-backups/Conexoes Obsidian/Onda 1 - 2026-08-06
13 - Base de Conhecimento/01 - Playbooks/Otimização de Cache na Cloudflare.md,tutorial,13 - Base de Conhecimento/01 - Playbooks/Guia Interno Staycloud - Apontamentos DNS.md,processo,SEMÂNTICA FORTE,0.68,Conexões internas,manter,conteúdos operacionais do mesmo contexto,médio,manter,Agente Governança do Viny Brain,sim,needs_review,abaixo do limite de confiança automática ou depende de avaliação semântica humana,,/home/vinicius-alves/viny-brain-backups/Conexoes Obsidian/Onda 1 - 2026-08-06
13 - Base de Conhecimento/01 - Playbooks/Otimização de Cache na Cloudflare.md,tutorial,13 - Base de Conhecimento/01 - Playbooks/Checklist Inicial - StayCloud.md,tutorial,SEMÂNTICA FORTE,0.68,Conexões internas,manter,conteúdos operacionais do mesmo contexto,médio,manter,Agente Governança do Viny Brain,sim,needs_review,abaixo do limite de confiança automática ou depende de avaliação semântica humana,,/home/vinicius-alves/viny-brain-backups/Conexoes Obsidian/Onda 1 - 2026-08-06
13 - Base de Conhecimento/01 - Playbooks/Política de Retenção e Gestão de Backups (JetBackup).md,tutorial,13 - Base de Conhecimento/00 - Índice/Índice Geral.md,índice,GENÉRICA,0.58,Conexões internas,sugerir revisão/limpeza,link para hub amplo fora de seção claramente navegacional,médio,substituir por link ao MOC,Agente Governança do Viny Brain,sim,needs_review,abaixo do limite de confiança automática ou depende de avaliação semântica humana,,/home/vinicius-alves/viny-brain-backups/Conexoes Obsidian/Onda 1 - 2026-08-06
13 - Base de Conhecimento/01 - Playbooks/Política de Retenção e Gestão de Backups (JetBackup).md,tutorial,13 - Base de Conhecimento/00 - Índice/Mapa por Temas.md,MOC ou mapa,GENÉRICA,0.58,Conexões internas,sugerir revisão/limpeza,link para hub amplo fora de seção claramente navegacional,médio,substituir por link ao MOC,Agente Governança do Viny Brain,sim,needs_review,abaixo do limite de confiança automática ou depende de avaliação semântica humana,,/home/vinicius-alves/viny-brain-backups/Conexoes Obsidian/Onda 1 - 2026-08-06
13 - Base de Conhecimento/01 - Playbooks/Política de Retenção e Gestão de Backups (JetBackup).md,tutorial,13 - Base de Conhecimento/01 - Playbooks/Restauração do Core do WordPress (Automatico).md,tutorial,SEMÂNTICA FORTE,0.68,Conexões internas,manter,conteúdos operacionais do mesmo contexto,médio,manter,Agente Governança do Viny Brain,sim,needs_review,abaixo do limite de confiança automática ou depende de avaliação semântica humana,,/home/vinicius-alves/viny-brain-backups/Conexoes Obsidian/Onda 1 - 2026-08-06
13 - Base de Conhecimento/01 - Playbooks/Política de Retenção e Gestão de Backups (JetBackup).md,tutorial,13 - Base de Conhecimento/01 - Playbooks/Restauração de Contas de E-mails via JetBackup 5.md,tutorial,SEMÂNTICA FORTE,0.68,Conexões internas,manter,conteúdos operacionais do mesmo contexto,médio,manter,Agente Governança do Viny Brain,sim,needs_review,abaixo do limite de confiança automática ou depende de avaliação semântica humana,,/home/vinicius-alves/viny-brain-backups/Conexoes Obsidian/Onda 1 - 2026-08-06
13 - Base de Conhecimento/01 - Playbooks/Procedimento de Acesso a Contas de E-mail via cPanel.md,processo,13 - Base de Conhecimento/00 - Índice/Índice Geral.md,índice,NAVEGAÇÃO,0.75,Conexões internas,manter,playbook/processo aponta para índice temático previsto pelo fluxo antigo,baixo,manter,Agente Governança do Viny Brain,não,preserved,preservado por ser link forte/navegação/rastreabilidade ou sem autorização de remoção automática,,/home/vinicius-alves/viny-brain-backups/Conexoes Obsidian/Onda 1 - 2026-08-06
13 - Base de Conhecimento/01 - Playbooks/Procedimento de Acesso a Contas de E-mail via cPanel.md,processo,13 - Base de Conhecimento/00 - Índice/Mapa por Temas.md,MOC ou mapa,NAVEGAÇÃO,0.75,Conexões internas,manter,playbook/processo aponta para índice temático previsto pelo fluxo antigo,baixo,manter,Agente Governança do Viny Brain,não,preserved,preservado por ser link forte/navegação/rastreabilidade ou sem autorização de remoção automática,,/home/vinicius-alves/viny-brain-backups/Conexoes Obsidian/Onda 1 - 2026-08-06
13 - Base de Conhecimento/01 - Playbooks/Procedimento de Acesso a Contas de E-mail via cPanel.md,processo,13 - Base de Conhecimento/01 - Playbooks/Gestão de Limite de Envios de E-mail (cPanel).md,tutorial,SEMÂNTICA FORTE,0.68,Conexões internas,manter,conteúdos operacionais do mesmo contexto,médio,manter,Agente Governança do Viny Brain,sim,needs_review,abaixo do limite de confiança automática ou depende de avaliação semântica humana,,/home/vinicius-alves/viny-brain-backups/Conexoes Obsidian/Onda 1 - 2026-08-06
13 - Base de Conhecimento/01 - Playbooks/Procedimento de Acesso a Contas de E-mail via cPanel.md,processo,13 - Base de Conhecimento/01 - Playbooks/Resolução de Conflitos de DNS de E-mail.md,processo,SEMÂNTICA FORTE,0.68,Conexões internas,manter,conteúdos operacionais do mesmo contexto,médio,manter,Agente Governança do Viny Brain,sim,needs_review,abaixo do limite de confiança automática ou depende de avaliação semântica humana,,/home/vinicius-alves/viny-brain-backups/Conexoes Obsidian/Onda 1 - 2026-08-06
13 - Base de Conhecimento/01 - Playbooks/Procedimento de Acesso a Contas de E-mail via cPanel.md,processo,13 - Base de Conhecimento/01 - Playbooks/Como Acessar o Painel de Controle (cPanel).md,tutorial,SEMÂNTICA FORTE,0.68,Conexões internas,manter,conteúdos operacionais do mesmo contexto,médio,manter,Agente Governança do Viny Brain,sim,needs_review,abaixo do limite de confiança automática ou depende de avaliação semântica humana,,/home/vinicius-alves/viny-brain-backups/Conexoes Obsidian/Onda 1 - 2026-08-06
13 - Base de Conhecimento/01 - Playbooks/Procedimento de Acesso a Contas de E-mail via cPanel.md,processo,13 - Base de Conhecimento/01 - Playbooks/Migração de E-mails.md,processo,SEMÂNTICA FORTE,0.68,Conexões internas,manter,conteúdos operacionais do mesmo contexto,médio,manter,Agente Governança do Viny Brain,sim,needs_review,abaixo do limite de confiança automática ou depende de avaliação semântica humana,,/home/vinicius-alves/viny-brain-backups/Conexoes Obsidian/Onda 1 - 2026-08-06
13 - Base de Conhecimento/01 - Playbooks/Procedimento de Acesso a Contas de E-mail via cPanel.md,processo,13 - Base de Conhecimento/01 - Playbooks/Limitação das Caixas de E-mails.md,tutorial,SEMÂNTICA FORTE,0.68,Conexões internas,manter,conteúdos operacionais do mesmo contexto,médio,manter,Agente Governança do Viny Brain,sim,needs_review,abaixo do limite de confiança automática ou depende de avaliação semântica humana,,/home/vinicius-alves/viny-brain-backups/Conexoes Obsidian/Onda 1 - 2026-08-06
13 - Base de Conhecimento/01 - Playbooks/Rastreamento de E-mails via CLI (Exim Mainlog).md,tutorial,13 - Base de Conhecimento/00 - Índice/Índice Geral.md,índice,GENÉRICA,0.58,Conexões internas,sugerir revisão/limpeza,link para hub amplo fora de seção claramente navegacional,médio,substituir por link ao MOC,Agente Governança do Viny Brain,sim,needs_review,abaixo do limite de confiança automática ou depende de avaliação semântica humana,,/home/vinicius-alves/viny-brain-backups/Conexoes Obsidian/Onda 1 - 2026-08-06
13 - Base de Conhecimento/01 - Playbooks/Rastreamento de E-mails via CLI (Exim Mainlog).md,tutorial,13 - Base de Conhecimento/00 - Índice/Mapa por Temas.md,MOC ou mapa,GENÉRICA,0.58,Conexões internas,sugerir revisão/limpeza,link para hub amplo fora de seção claramente navegacional,médio,substituir por link ao MOC,Agente Governança do Viny Brain,sim,needs_review,abaixo do limite de confiança automática ou depende de avaliação semântica humana,,/home/vinicius-alves/viny-brain-backups/Conexoes Obsidian/Onda 1 - 2026-08-06
13 - Base de Conhecimento/01 - Playbooks/Rastreamento de E-mails via CLI (Exim Mainlog).md,tutorial,13 - Base de Conhecimento/01 - Playbooks/Diagnóstico de Autenticação de E-mail via CLI (/var/log/maillog).md,tutorial,SEMÂNTICA FORTE,0.68,Conexões internas,manter,conteúdos operacionais do mesmo contexto,médio,manter,Agente Governança do Viny Brain,sim,needs_review,abaixo do limite de confiança automática ou depende de avaliação semântica humana,,/home/vinicius-alves/viny-brain-backups/Conexoes Obsidian/Onda 1 - 2026-08-06
13 - Base de Conhecimento/01 - Playbooks/Rastreamento de E-mails via CLI (Exim Mainlog).md,tutorial,13 - Base de Conhecimento/01 - Playbooks/Migração de E-mails.md,processo,SEMÂNTICA FORTE,0.68,Conexões internas,manter,conteúdos operacionais do mesmo contexto,médio,manter,Agente Governança do Viny Brain,sim,needs_review,abaixo do limite de confiança automática ou depende de avaliação semântica humana,,/home/vinicius-alves/viny-brain-backups/Conexoes Obsidian/Onda 1 - 2026-08-06
13 - Base de Conhecimento/01 - Playbooks/Resolução de Conflitos de DNS de E-mail.md,processo,13 - Base de Conhecimento/00 - Índice/Índice Geral.md,índice,NAVEGAÇÃO,0.75,Conexões internas,manter,playbook/processo aponta para índice temático previsto pelo fluxo antigo,baixo,manter,Agente Governança do Viny Brain,não,preserved,preservado por ser link forte/navegação/rastreabilidade ou sem autorização de remoção automática,,/home/vinicius-alves/viny-brain-backups/Conexoes Obsidian/Onda 1 - 2026-08-06
13 - Base de Conhecimento/01 - Playbooks/Resolução de Conflitos de DNS de E-mail.md,processo,13 - Base de Conhecimento/00 - Índice/Mapa por Temas.md,MOC ou mapa,NAVEGAÇÃO,0.75,Conexões internas,manter,playbook/processo aponta para índice temático previsto pelo fluxo antigo,baixo,manter,Agente Governança do Viny Brain,não,preserved,preservado por ser link forte/navegação/rastreabilidade ou sem autorização de remoção automática,,/home/vinicius-alves/viny-brain-backups/Conexoes Obsidian/Onda 1 - 2026-08-06
13 - Base de Conhecimento/01 - Playbooks/Resolução de Conflitos de DNS de E-mail.md,processo,13 - Base de Conhecimento/01 - Playbooks/Guia Interno Staycloud - Apontamentos DNS.md,processo,SEMÂNTICA FORTE,0.68,Conexões internas,manter,conteúdos operacionais do mesmo contexto,médio,manter,Agente Governança do Viny Brain,sim,needs_review,abaixo do limite de confiança automática ou depende de avaliação semântica humana,,/home/vinicius-alves/viny-brain-backups/Conexoes Obsidian/Onda 1 - 2026-08-06
13 - Base de Conhecimento/01 - Playbooks/Resolução de Conflitos de DNS de E-mail.md,processo,13 - Base de Conhecimento/01 - Playbooks/Como Renovar o Domínio.md,tutorial,SEMÂNTICA FORTE,0.68,Conexões internas,manter,conteúdos operacionais do mesmo contexto,médio,manter,Agente Governança do Viny Brain,sim,needs_review,abaixo do limite de confiança automática ou depende de avaliação semântica humana,,/home/vinicius-alves/viny-brain-backups/Conexoes Obsidian/Onda 1 - 2026-08-06
13 - Base de Conhecimento/01 - Playbooks/Resolução de Conflitos de DNS de E-mail.md,processo,13 - Base de Conhecimento/01 - Playbooks/Otimização de Cache na Cloudflare.md,tutorial,SEMÂNTICA FORTE,0.68,Conexões internas,manter,conteúdos operacionais do mesmo contexto,médio,manter,Agente Governança do Viny Brain,sim,needs_review,abaixo do limite de confiança automática ou depende de avaliação semântica humana,,/home/vinicius-alves/viny-brain-backups/Conexoes Obsidian/Onda 1 - 2026-08-06
13 - Base de Conhecimento/01 - Playbooks/Resolução de Conflitos de DNS de E-mail.md,processo,13 - Base de Conhecimento/01 - Playbooks/Procedimento de Acesso a Contas de E-mail via cPanel.md,processo,SEMÂNTICA FORTE,0.68,Conexões internas,manter,conteúdos operacionais do mesmo contexto,médio,manter,Agente Governança do Viny Brain,sim,needs_review,abaixo do limite de confiança automática ou depende de avaliação semântica humana,,/home/vinicius-alves/viny-brain-backups/Conexoes Obsidian/Onda 1 - 2026-08-06
13 - Base de Conhecimento/01 - Playbooks/Resolução de Conflitos de DNS de E-mail.md,processo,13 - Base de Conhecimento/01 - Playbooks/Migração de E-mails.md,processo,SEMÂNTICA FORTE,0.68,Conexões internas,manter,conteúdos operacionais do mesmo contexto,médio,manter,Agente Governança do Viny Brain,sim,needs_review,abaixo do limite de confiança automática ou depende de avaliação semântica humana,,/home/vinicius-alves/viny-brain-backups/Conexoes Obsidian/Onda 1 - 2026-08-06
13 - Base de Conhecimento/01 - Playbooks/Resolução de Conflitos de DNS de E-mail.md,processo,13 - Base de Conhecimento/01 - Playbooks/Gestão de Limite de Envios de E-mail (cPanel).md,tutorial,SEMÂNTICA FORTE,0.68,Conexões internas,manter,conteúdos operacionais do mesmo contexto,médio,manter,Agente Governança do Viny Brain,sim,needs_review,abaixo do limite de confiança automática ou depende de avaliação semântica humana,,/home/vinicius-alves/viny-brain-backups/Conexoes Obsidian/Onda 1 - 2026-08-06
13 - Base de Conhecimento/01 - Playbooks/Resolução de Erro de NameServer (NS) no Registro.br.md,tutorial,13 - Base de Conhecimento/00 - Índice/Índice Geral.md,índice,GENÉRICA,0.58,Conexões internas,sugerir revisão/limpeza,link para hub amplo fora de seção claramente navegacional,médio,substituir por link ao MOC,Agente Governança do Viny Brain,sim,needs_review,abaixo do limite de confiança automática ou depende de avaliação semântica humana,,/home/vinicius-alves/viny-brain-backups/Conexoes Obsidian/Onda 1 - 2026-08-06
13 - Base de Conhecimento/01 - Playbooks/Resolução de Erro de NameServer (NS) no Registro.br.md,tutorial,13 - Base de Conhecimento/00 - Índice/Mapa por Temas.md,MOC ou mapa,GENÉRICA,0.58,Conexões internas,sugerir revisão/limpeza,link para hub amplo fora de seção claramente navegacional,médio,substituir por link ao MOC,Agente Governança do Viny Brain,sim,needs_review,abaixo do limite de confiança automática ou depende de avaliação semântica humana,,/home/vinicius-alves/viny-brain-backups/Conexoes Obsidian/Onda 1 - 2026-08-06
13 - Base de Conhecimento/01 - Playbooks/Resolução de Erro de NameServer (NS) no Registro.br.md,tutorial,13 - Base de Conhecimento/01 - Playbooks/Configuração de Novo Domínio.md,tutorial,SEMÂNTICA FORTE,0.68,Conexões internas,manter,conteúdos operacionais do mesmo contexto,médio,manter,Agente Governança do Viny Brain,sim,needs_review,abaixo do limite de confiança automática ou depende de avaliação semântica humana,,/home/vinicius-alves/viny-brain-backups/Conexoes Obsidian/Onda 1 - 2026-08-06
13 - Base de Conhecimento/01 - Playbooks/Resolução de Erro de NameServer (NS) no Registro.br.md,tutorial,13 - Base de Conhecimento/01 - Playbooks/Guia Interno Staycloud - Apontamentos DNS.md,processo,SEMÂNTICA FORTE,0.68,Conexões internas,manter,conteúdos operacionais do mesmo contexto,médio,manter,Agente Governança do Viny Brain,sim,needs_review,abaixo do limite de confiança automática ou depende de avaliação semântica humana,,/home/vinicius-alves/viny-brain-backups/Conexoes Obsidian/Onda 1 - 2026-08-06
13 - Base de Conhecimento/01 - Playbooks/Resolução de Erro de NameServer (NS) no Registro.br.md,tutorial,13 - Base de Conhecimento/01 - Playbooks/Localização e Edição do Arquivo Hosts (Windows vs Server).md,tutorial,SEMÂNTICA FORTE,0.68,Conexões internas,manter,conteúdos operacionais do mesmo contexto,médio,manter,Agente Governança do Viny Brain,sim,needs_review,abaixo do limite de confiança automática ou depende de avaliação semântica humana,,/home/vinicius-alves/viny-brain-backups/Conexoes Obsidian/Onda 1 - 2026-08-06
13 - Base de Conhecimento/01 - Playbooks/Resolução de Verificação de Acesso via Cloudflare.md,processo,13 - Base de Conhecimento/00 - Índice/Índice Geral.md,índice,NAVEGAÇÃO,0.75,Conexões internas,manter,playbook/processo aponta para índice temático previsto pelo fluxo antigo,baixo,manter,Agente Governança do Viny Brain,não,preserved,preservado por ser link forte/navegação/rastreabilidade ou sem autorização de remoção automática,,/home/vinicius-alves/viny-brain-backups/Conexoes Obsidian/Onda 1 - 2026-08-06
13 - Base de Conhecimento/01 - Playbooks/Resolução de Verificação de Acesso via Cloudflare.md,processo,13 - Base de Conhecimento/00 - Índice/Mapa por Temas.md,MOC ou mapa,NAVEGAÇÃO,0.75,Conexões internas,manter,playbook/processo aponta para índice temático previsto pelo fluxo antigo,baixo,manter,Agente Governança do Viny Brain,não,preserved,preservado por ser link forte/navegação/rastreabilidade ou sem autorização de remoção automática,,/home/vinicius-alves/viny-brain-backups/Conexoes Obsidian/Onda 1 - 2026-08-06
13 - Base de Conhecimento/01 - Playbooks/Resolução de Verificação de Acesso via Cloudflare.md,processo,13 - Base de Conhecimento/01 - Playbooks/Otimização de Cache na Cloudflare.md,tutorial,SEMÂNTICA FORTE,0.68,Conexões internas,manter,conteúdos operacionais do mesmo contexto,médio,manter,Agente Governança do Viny Brain,sim,needs_review,abaixo do limite de confiança automática ou depende de avaliação semântica humana,,/home/vinicius-alves/viny-brain-backups/Conexoes Obsidian/Onda 1 - 2026-08-06
13 - Base de Conhecimento/01 - Playbooks/Resolução de Verificação de Acesso via Cloudflare.md,processo,13 - Base de Conhecimento/01 - Playbooks/Tela do Imunify360 Carregando antes de Abrir o Site ou Liberação de Domínio no WebShield.md,tutorial,SEMÂNTICA FORTE,0.68,Conexões internas,manter,conteúdos operacionais do mesmo contexto,médio,manter,Agente Governança do Viny Brain,sim,needs_review,abaixo do limite de confiança automática ou depende de avaliação semântica humana,,/home/vinicius-alves/viny-brain-backups/Conexoes Obsidian/Onda 1 - 2026-08-06
13 - Base de Conhecimento/01 - Playbooks/Resolução de Verificação de Acesso via Cloudflare.md,processo,13 - Base de Conhecimento/01 - Playbooks/Apontamento Local via Arquivo hosts no Linux.md,tutorial,SEMÂNTICA FORTE,0.68,Conexões internas,manter,conteúdos operacionais do mesmo contexto,médio,manter,Agente Governança do Viny Brain,sim,needs_review,abaixo do limite de confiança automática ou depende de avaliação semântica humana,,/home/vinicius-alves/viny-brain-backups/Conexoes Obsidian/Onda 1 - 2026-08-06
13 - Base de Conhecimento/01 - Playbooks/Resolução de Verificação de Acesso via Cloudflare.md,processo,13 - Base de Conhecimento/01 - Playbooks/Conferência de Certificado SSL.md,processo,SEMÂNTICA FORTE,0.68,Conexões internas,manter,conteúdos operacionais do mesmo contexto,médio,manter,Agente Governança do Viny Brain,sim,needs_review,abaixo do limite de confiança automática ou depende de avaliação semântica humana,,/home/vinicius-alves/viny-brain-backups/Conexoes Obsidian/Onda 1 - 2026-08-06
13 - Base de Conhecimento/01 - Playbooks/Resolução de Verificação de Acesso via Cloudflare.md,processo,13 - Base de Conhecimento/01 - Playbooks/Guia Interno Staycloud - Apontamentos DNS.md,processo,SEMÂNTICA FORTE,0.68,Conexões internas,manter,conteúdos operacionais do mesmo contexto,médio,manter,Agente Governança do Viny Brain,sim,needs_review,abaixo do limite de confiança automática ou depende de avaliação semântica humana,,/home/vinicius-alves/viny-brain-backups/Conexoes Obsidian/Onda 1 - 2026-08-06
13 - Base de Conhecimento/01 - Playbooks/Resolução de Verificação de Acesso via Cloudflare.md,processo,13 - Base de Conhecimento/01 - Playbooks/Domínio com Erro 403.md,processo,SEMÂNTICA FORTE,0.68,Conexões internas,manter,conteúdos operacionais do mesmo contexto,médio,manter,Agente Governança do Viny Brain,sim,needs_review,abaixo do limite de confiança automática ou depende de avaliação semântica humana,,/home/vinicius-alves/viny-brain-backups/Conexoes Obsidian/Onda 1 - 2026-08-06
13 - Base de Conhecimento/01 - Playbooks/Restauração de Contas de E-mails via JetBackup 5.md,tutorial,13 - Base de Conhecimento/00 - Índice/Índice Geral.md,índice,GENÉRICA,0.58,Conexões internas,sugerir revisão/limpeza,link para hub amplo fora de seção claramente navegacional,médio,substituir por link ao MOC,Agente Governança do Viny Brain,sim,needs_review,abaixo do limite de confiança automática ou depende de avaliação semântica humana,,/home/vinicius-alves/viny-brain-backups/Conexoes Obsidian/Onda 1 - 2026-08-06
13 - Base de Conhecimento/01 - Playbooks/Restauração de Contas de E-mails via JetBackup 5.md,tutorial,13 - Base de Conhecimento/00 - Índice/Mapa por Temas.md,MOC ou mapa,GENÉRICA,0.58,Conexões internas,sugerir revisão/limpeza,link para hub amplo fora de seção claramente navegacional,médio,substituir por link ao MOC,Agente Governança do Viny Brain,sim,needs_review,abaixo do limite de confiança automática ou depende de avaliação semântica humana,,/home/vinicius-alves/viny-brain-backups/Conexoes Obsidian/Onda 1 - 2026-08-06
13 - Base de Conhecimento/01 - Playbooks/Restauração de Contas de E-mails via JetBackup 5.md,tutorial,13 - Base de Conhecimento/01 - Playbooks/Migração de E-mails.md,processo,SEMÂNTICA FORTE,0.68,Conexões internas,manter,conteúdos operacionais do mesmo contexto,médio,manter,Agente Governança do Viny Brain,sim,needs_review,abaixo do limite de confiança automática ou depende de avaliação semântica humana,,/home/vinicius-alves/viny-brain-backups/Conexoes Obsidian/Onda 1 - 2026-08-06
13 - Base de Conhecimento/01 - Playbooks/Restauração de Contas de E-mails via JetBackup 5.md,tutorial,13 - Base de Conhecimento/01 - Playbooks/Procedimento de Acesso a Contas de E-mail via cPanel.md,processo,SEMÂNTICA FORTE,0.68,Conexões internas,manter,conteúdos operacionais do mesmo contexto,médio,manter,Agente Governança do Viny Brain,sim,needs_review,abaixo do limite de confiança automática ou depende de avaliação semântica humana,,/home/vinicius-alves/viny-brain-backups/Conexoes Obsidian/Onda 1 - 2026-08-06
13 - Base de Conhecimento/01 - Playbooks/Restauração do Core do WordPress (Automatico).md,tutorial,13 - Base de Conhecimento/00 - Índice/Índice Geral.md,índice,GENÉRICA,0.58,Conexões internas,sugerir revisão/limpeza,link para hub amplo fora de seção claramente navegacional,médio,substituir por link ao MOC,Agente Governança do Viny Brain,sim,needs_review,abaixo do limite de confiança automática ou depende de avaliação semântica humana,,/home/vinicius-alves/viny-brain-backups/Conexoes Obsidian/Onda 1 - 2026-08-06
13 - Base de Conhecimento/01 - Playbooks/Restauração do Core do WordPress (Automatico).md,tutorial,13 - Base de Conhecimento/00 - Índice/Mapa por Temas.md,MOC ou mapa,GENÉRICA,0.58,Conexões internas,sugerir revisão/limpeza,link para hub amplo fora de seção claramente navegacional,médio,substituir por link ao MOC,Agente Governança do Viny Brain,sim,needs_review,abaixo do limite de confiança automática ou depende de avaliação semântica humana,,/home/vinicius-alves/viny-brain-backups/Conexoes Obsidian/Onda 1 - 2026-08-06
13 - Base de Conhecimento/01 - Playbooks/Restauração do Core do WordPress (Automatico).md,tutorial,13 - Base de Conhecimento/01 - Playbooks/Como Instalar o WordPress.md,tutorial,SEMÂNTICA FORTE,0.68,Conexões internas,manter,conteúdos operacionais do mesmo contexto,médio,manter,Agente Governança do Viny Brain,sim,needs_review,abaixo do limite de confiança automática ou depende de avaliação semântica humana,,/home/vinicius-alves/viny-brain-backups/Conexoes Obsidian/Onda 1 - 2026-08-06
13 - Base de Conhecimento/01 - Playbooks/Restauração do Core do WordPress (Automatico).md,tutorial,13 - Base de Conhecimento/01 - Playbooks/Instalação Manual do Core do WordPress.md,processo,SEMÂNTICA FORTE,0.68,Conexões internas,manter,conteúdos operacionais do mesmo contexto,médio,manter,Agente Governança do Viny Brain,sim,needs_review,abaixo do limite de confiança automática ou depende de avaliação semântica humana,,/home/vinicius-alves/viny-brain-backups/Conexoes Obsidian/Onda 1 - 2026-08-06
13 - Base de Conhecimento/01 - Playbooks/Restauração do Core do WordPress (Automatico).md,tutorial,13 - Base de Conhecimento/01 - Playbooks/Alteração de Senha do WordPress via phpMyAdmin.md,tutorial,SEMÂNTICA FORTE,0.68,Conexões internas,manter,conteúdos operacionais do mesmo contexto,médio,manter,Agente Governança do Viny Brain,sim,needs_review,abaixo do limite de confiança automática ou depende de avaliação semântica humana,,/home/vinicius-alves/viny-brain-backups/Conexoes Obsidian/Onda 1 - 2026-08-06
13 - Base de Conhecimento/01 - Playbooks/Restauração do Core do WordPress (Automatico).md,tutorial,13 - Base de Conhecimento/01 - Playbooks/Erro Crítico  no WordPress.md,processo,SEMÂNTICA FORTE,0.68,Conexões internas,manter,conteúdos operacionais do mesmo contexto,médio,manter,Agente Governança do Viny Brain,sim,needs_review,abaixo do limite de confiança automática ou depende de avaliação semântica humana,,/home/vinicius-alves/viny-brain-backups/Conexoes Obsidian/Onda 1 - 2026-08-06
13 - Base de Conhecimento/01 - Playbooks/Restauração do Core do WordPress (Automatico).md,tutorial,13 - Base de Conhecimento/01 - Playbooks/Diagnóstico Rápido - WordPress Erro Crítico e Core.md,processo,SEMÂNTICA FORTE,0.68,Conexões internas,manter,conteúdos operacionais do mesmo contexto,médio,manter,Agente Governança do Viny Brain,sim,needs_review,abaixo do limite de confiança automática ou depende de avaliação semântica humana,,/home/vinicius-alves/viny-brain-backups/Conexoes Obsidian/Onda 1 - 2026-08-06
13 - Base de Conhecimento/01 - Playbooks/Tela do Imunify360 Carregando antes de Abrir o Site ou Liberação de Domínio no WebShield.md,tutorial,13 - Base de Conhecimento/00 - Índice/Índice Geral.md,índice,GENÉRICA,0.58,Conexões internas,sugerir revisão/limpeza,link para hub amplo fora de seção claramente navegacional,médio,substituir por link ao MOC,Agente Governança do Viny Brain,sim,needs_review,abaixo do limite de confiança automática ou depende de avaliação semântica humana,,/home/vinicius-alves/viny-brain-backups/Conexoes Obsidian/Onda 1 - 2026-08-06
13 - Base de Conhecimento/01 - Playbooks/Tela do Imunify360 Carregando antes de Abrir o Site ou Liberação de Domínio no WebShield.md,tutorial,13 - Base de Conhecimento/00 - Índice/Mapa por Temas.md,MOC ou mapa,GENÉRICA,0.58,Conexões internas,sugerir revisão/limpeza,link para hub amplo fora de seção claramente navegacional,médio,substituir por link ao MOC,Agente Governança do Viny Brain,sim,needs_review,abaixo do limite de confiança automática ou depende de avaliação semântica humana,,/home/vinicius-alves/viny-brain-backups/Conexoes Obsidian/Onda 1 - 2026-08-06
13 - Base de Conhecimento/01 - Playbooks/Tela do Imunify360 Carregando antes de Abrir o Site ou Liberação de Domínio no WebShield.md,tutorial,13 - Base de Conhecimento/01 - Playbooks/Resolução de Verificação de Acesso via Cloudflare.md,processo,SEMÂNTICA FORTE,0.68,Conexões internas,manter,conteúdos operacionais do mesmo contexto,médio,manter,Agente Governança do Viny Brain,sim,needs_review,abaixo do limite de confiança automática ou depende de avaliação semântica humana,,/home/vinicius-alves/viny-brain-backups/Conexoes Obsidian/Onda 1 - 2026-08-06
13 - Base de Conhecimento/01 - Playbooks/Tela do Imunify360 Carregando antes de Abrir o Site ou Liberação de Domínio no WebShield.md,tutorial,13 - Base de Conhecimento/01 - Playbooks/Apontamento Local via Arquivo hosts no Linux.md,tutorial,SEMÂNTICA FORTE,0.68,Conexões internas,manter,conteúdos operacionais do mesmo contexto,médio,manter,Agente Governança do Viny Brain,sim,needs_review,abaixo do limite de confiança automática ou depende de avaliação semântica humana,,/home/vinicius-alves/viny-brain-backups/Conexoes Obsidian/Onda 1 - 2026-08-06
13 - Base de Conhecimento/01 - Playbooks/Tela do Imunify360 Carregando antes de Abrir o Site ou Liberação de Domínio no WebShield.md,tutorial,13 - Base de Conhecimento/01 - Playbooks/Otimização de Cache na Cloudflare.md,tutorial,SEMÂNTICA FORTE,0.68,Conexões internas,manter,conteúdos operacionais do mesmo contexto,médio,manter,Agente Governança do Viny Brain,sim,needs_review,abaixo do limite de confiança automática ou depende de avaliação semântica humana,,/home/vinicius-alves/viny-brain-backups/Conexoes Obsidian/Onda 1 - 2026-08-06
14 - Histórico Codex/Sessões/Sessão - Weekly Suporte - 2026-08-03.md,histórico,19 - Reuniões/01 - Em Revisão/Weekly - Suporte - 2026-08-03 - 16-18 - Transcrição Revisada.md,reunião,HISTÓRICO OU RASTREABILIDADE,0.74,Arquivos principais,manter,vínculo de sessão/checkpoint/histórico,médio,manter,Agente Governança do Viny Brain,não,preserved,preservado por ser link forte/navegação/rastreabilidade ou sem autorização de remoção automática,,/home/vinicius-alves/viny-brain-backups/Conexoes Obsidian/Onda 1 - 2026-08-06
14 - Histórico Codex/Sessões/Sessão - Weekly Suporte - 2026-08-03.md,histórico,19 - Reuniões/02 - Reuniões Formatadas/Weeklies/Weekly - Suporte - 2026-08-03 - 16-18.md,reunião,HISTÓRICO OU RASTREABILIDADE,0.74,Arquivos principais,manter,vínculo de sessão/checkpoint/histórico,médio,manter,Agente Governança do Viny Brain,não,preserved,preservado por ser link forte/navegação/rastreabilidade ou sem autorização de remoção automática,,/home/vinicius-alves/viny-brain-backups/Conexoes Obsidian/Onda 1 - 2026-08-06
17 - Viny Flow/01 - Agentes/Mapa de Agentes.md,MOC ou mapa,17 - Viny Flow/01 - Agentes/Agente Base de Conhecimento.md,agente,NAVEGAÇÃO,0.82,Primeira lista,manter,item listado em MOC/índice,baixo,manter,Agente Governança do Viny Brain,não,preserved,preservado por ser link forte/navegação/rastreabilidade ou sem autorização de remoção automática,,/home/vinicius-alves/viny-brain-backups/Conexoes Obsidian/Onda 1 - 2026-08-06
17 - Viny Flow/01 - Agentes/Mapa de Agentes.md,MOC ou mapa,17 - Viny Flow/01 - Agentes/Agente Auditor.md,agente,NAVEGAÇÃO,0.82,Primeira lista,manter,item listado em MOC/índice,baixo,manter,Agente Governança do Viny Brain,não,preserved,preservado por ser link forte/navegação/rastreabilidade ou sem autorização de remoção automática,,/home/vinicius-alves/viny-brain-backups/Conexoes Obsidian/Onda 1 - 2026-08-06
17 - Viny Flow/01 - Agentes/Mapa de Agentes.md,MOC ou mapa,17 - Viny Flow/01 - Agentes/Agente Segurança.md,agente,NAVEGAÇÃO,0.82,Primeira lista,manter,item listado em MOC/índice,baixo,manter,Agente Governança do Viny Brain,não,preserved,preservado por ser link forte/navegação/rastreabilidade ou sem autorização de remoção automática,,/home/vinicius-alves/viny-brain-backups/Conexoes Obsidian/Onda 1 - 2026-08-06
17 - Viny Flow/01 - Agentes/Mapa de Agentes.md,MOC ou mapa,17 - Viny Flow/01 - Agentes/Agente Redator.md,agente,NAVEGAÇÃO,0.82,Primeira lista,manter,item listado em MOC/índice,baixo,manter,Agente Governança do Viny Brain,não,preserved,preservado por ser link forte/navegação/rastreabilidade ou sem autorização de remoção automática,,/home/vinicius-alves/viny-brain-backups/Conexoes Obsidian/Onda 1 - 2026-08-06
17 - Viny Flow/01 - Agentes/Mapa de Agentes.md,MOC ou mapa,17 - Viny Flow/01 - Agentes/Agente Memoria e Checkpoint.md,checkpoint,NAVEGAÇÃO,0.82,Primeira lista,manter,item listado em MOC/índice,baixo,manter,Agente Governança do Viny Brain,não,preserved,preservado por ser link forte/navegação/rastreabilidade ou sem autorização de remoção automática,,/home/vinicius-alves/viny-brain-backups/Conexoes Obsidian/Onda 1 - 2026-08-06
17 - Viny Flow/01 - Agentes/Mapa de Agentes.md,MOC ou mapa,17 - Viny Flow/01 - Agentes/Agente Tutorial StayCloud.md,agente,NAVEGAÇÃO,0.82,Primeira lista,manter,item listado em MOC/índice,baixo,manter,Agente Governança do Viny Brain,não,preserved,preservado por ser link forte/navegação/rastreabilidade ou sem autorização de remoção automática,,/home/vinicius-alves/viny-brain-backups/Conexoes Obsidian/Onda 1 - 2026-08-06
17 - Viny Flow/01 - Agentes/Mapa de Agentes.md,MOC ou mapa,17 - Viny Flow/01 - Agentes/Agente SEO Rank Math.md,agente,NAVEGAÇÃO,0.82,Primeira lista,manter,item listado em MOC/índice,baixo,manter,Agente Governança do Viny Brain,não,preserved,preservado por ser link forte/navegação/rastreabilidade ou sem autorização de remoção automática,,/home/vinicius-alves/viny-brain-backups/Conexoes Obsidian/Onda 1 - 2026-08-06
17 - Viny Flow/01 - Agentes/Mapa de Agentes.md,MOC ou mapa,17 - Viny Flow/01 - Agentes/Agente Visual e Prints.md,agente,NAVEGAÇÃO,0.82,Primeira lista,manter,item listado em MOC/índice,baixo,manter,Agente Governança do Viny Brain,não,preserved,preservado por ser link forte/navegação/rastreabilidade ou sem autorização de remoção automática,,/home/vinicius-alves/viny-brain-backups/Conexoes Obsidian/Onda 1 - 2026-08-06
17 - Viny Flow/01 - Agentes/Mapa de Agentes.md,MOC ou mapa,17 - Viny Flow/01 - Agentes/Agente UI UX Experience.md,agente,NAVEGAÇÃO,0.82,Primeira lista,manter,item listado em MOC/índice,baixo,manter,Agente Governança do Viny Brain,não,preserved,preservado por ser link forte/navegação/rastreabilidade ou sem autorização de remoção automática,,/home/vinicius-alves/viny-brain-backups/Conexoes Obsidian/Onda 1 - 2026-08-06
17 - Viny Flow/01 - Agentes/Mapa de Agentes.md,MOC ou mapa,17 - Viny Flow/01 - Agentes/Agente WordPress.md,agente,NAVEGAÇÃO,0.82,Primeira lista,manter,item listado em MOC/índice,baixo,manter,Agente Governança do Viny Brain,não,preserved,preservado por ser link forte/navegação/rastreabilidade ou sem autorização de remoção automática,,/home/vinicius-alves/viny-brain-backups/Conexoes Obsidian/Onda 1 - 2026-08-06
17 - Viny Flow/01 - Agentes/Mapa de Agentes.md,MOC ou mapa,17 - Viny Flow/01 - Agentes/Agente Relatorios.md,agente,NAVEGAÇÃO,0.82,Primeira lista,manter,item listado em MOC/índice,baixo,manter,Agente Governança do Viny Brain,não,preserved,preservado por ser link forte/navegação/rastreabilidade ou sem autorização de remoção automática,,/home/vinicius-alves/viny-brain-backups/Conexoes Obsidian/Onda 1 - 2026-08-06
17 - Viny Flow/02 - Workflows/Mapa de Workflows.md,MOC ou mapa,17 - Viny Flow/02 - Workflows/Criar Tutorial StayCloud.md,workflow,NAVEGAÇÃO,0.82,Primeira lista,manter,item listado em MOC/índice,baixo,manter,Agente Governança do Viny Brain,não,preserved,preservado por ser link forte/navegação/rastreabilidade ou sem autorização de remoção automática,,/home/vinicius-alves/viny-brain-backups/Conexoes Obsidian/Onda 1 - 2026-08-06
17 - Viny Flow/02 - Workflows/Mapa de Workflows.md,MOC ou mapa,17 - Viny Flow/02 - Workflows/Revisar Tutorial StayCloud.md,workflow,NAVEGAÇÃO,0.82,Primeira lista,manter,item listado em MOC/índice,baixo,manter,Agente Governança do Viny Brain,não,preserved,preservado por ser link forte/navegação/rastreabilidade ou sem autorização de remoção automática,,/home/vinicius-alves/viny-brain-backups/Conexoes Obsidian/Onda 1 - 2026-08-06
17 - Viny Flow/02 - Workflows/Mapa de Workflows.md,MOC ou mapa,17 - Viny Flow/02 - Workflows/Publicar Tutorial StayCloud.md,workflow,NAVEGAÇÃO,0.82,Primeira lista,manter,item listado em MOC/índice,baixo,manter,Agente Governança do Viny Brain,não,preserved,preservado por ser link forte/navegação/rastreabilidade ou sem autorização de remoção automática,,/home/vinicius-alves/viny-brain-backups/Conexoes Obsidian/Onda 1 - 2026-08-06
17 - Viny Flow/02 - Workflows/Mapa de Workflows.md,MOC ou mapa,17 - Viny Flow/02 - Workflows/Importar Playbooks.md,workflow,NAVEGAÇÃO,0.82,Primeira lista,manter,item listado em MOC/índice,baixo,manter,Agente Governança do Viny Brain,não,preserved,preservado por ser link forte/navegação/rastreabilidade ou sem autorização de remoção automática,,/home/vinicius-alves/viny-brain-backups/Conexoes Obsidian/Onda 1 - 2026-08-06
17 - Viny Flow/02 - Workflows/Mapa de Workflows.md,MOC ou mapa,17 - Viny Flow/02 - Workflows/Auditar Playbooks.md,workflow,NAVEGAÇÃO,0.82,Primeira lista,manter,item listado em MOC/índice,baixo,manter,Agente Governança do Viny Brain,não,preserved,preservado por ser link forte/navegação/rastreabilidade ou sem autorização de remoção automática,,/home/vinicius-alves/viny-brain-backups/Conexoes Obsidian/Onda 1 - 2026-08-06
17 - Viny Flow/02 - Workflows/Mapa de Workflows.md,MOC ou mapa,17 - Viny Flow/02 - Workflows/Auditar Contexto.md,workflow,NAVEGAÇÃO,0.82,Primeira lista,manter,item listado em MOC/índice,baixo,manter,Agente Governança do Viny Brain,não,preserved,preservado por ser link forte/navegação/rastreabilidade ou sem autorização de remoção automática,,/home/vinicius-alves/viny-brain-backups/Conexoes Obsidian/Onda 1 - 2026-08-06
17 - Viny Flow/02 - Workflows/Mapa de Workflows.md,MOC ou mapa,"17 - Viny Flow/02 - Workflows/Auditar Skills, Agents e Workflows.md",workflow,NAVEGAÇÃO,0.82,Primeira lista,manter,item listado em MOC/índice,baixo,manter,Agente Governança do Viny Brain,não,preserved,preservado por ser link forte/navegação/rastreabilidade ou sem autorização de remoção automática,,/home/vinicius-alves/viny-brain-backups/Conexoes Obsidian/Onda 1 - 2026-08-06
17 - Viny Flow/02 - Workflows/Mapa de Workflows.md,MOC ou mapa,17 - Viny Flow/02 - Workflows/Quality Gate - Validar Entrega.md,workflow,NAVEGAÇÃO,0.82,Primeira lista,manter,item listado em MOC/índice,baixo,manter,Agente Governança do Viny Brain,não,preserved,preservado por ser link forte/navegação/rastreabilidade ou sem autorização de remoção automática,,/home/vinicius-alves/viny-brain-backups/Conexoes Obsidian/Onda 1 - 2026-08-06
17 - Viny Flow/02 - Workflows/Mapa de Workflows.md,MOC ou mapa,17 - Viny Flow/02 - Workflows/Revisar Texto.md,workflow,NAVEGAÇÃO,0.82,Primeira lista,manter,item listado em MOC/índice,baixo,manter,Agente Governança do Viny Brain,não,preserved,preservado por ser link forte/navegação/rastreabilidade ou sem autorização de remoção automática,,/home/vinicius-alves/viny-brain-backups/Conexoes Obsidian/Onda 1 - 2026-08-06
17 - Viny Flow/02 - Workflows/Mapa de Workflows.md,MOC ou mapa,17 - Viny Flow/02 - Workflows/Enviar Demanda para ClickUp.md,workflow,NAVEGAÇÃO,0.82,Primeira lista,manter,item listado em MOC/índice,baixo,manter,Agente Governança do Viny Brain,não,preserved,preservado por ser link forte/navegação/rastreabilidade ou sem autorização de remoção automática,,/home/vinicius-alves/viny-brain-backups/Conexoes Obsidian/Onda 1 - 2026-08-06
17 - Viny Flow/05 - Inteligência do Cérebro/Implementações Operacionais/README.md,processo,17 - Viny Flow/05 - Inteligência do Cérebro/Implementações Operacionais/02 - Pesquisa - KCS para Suporte.md,estudo,INCERTA,0.45,Arquivos,sugerir revisão/limpeza,sem evidência suficiente no contexto local do link,médio,revisar manualmente,Agente Governança do Viny Brain,sim,needs_review,abaixo do limite de confiança automática ou depende de avaliação semântica humana,,/home/vinicius-alves/viny-brain-backups/Conexoes Obsidian/Onda 1 - 2026-08-06
17 - Viny Flow/05 - Inteligência do Cérebro/Implementações Operacionais/README.md,processo,17 - Viny Flow/05 - Inteligência do Cérebro/Implementações Operacionais/03 - Pesquisa - Triage de Tickets e Labels.md,tutorial,SEMÂNTICA FORTE,0.68,Arquivos,manter,conteúdos operacionais do mesmo contexto,médio,manter,Agente Governança do Viny Brain,sim,needs_review,abaixo do limite de confiança automática ou depende de avaliação semântica humana,,/home/vinicius-alves/viny-brain-backups/Conexoes Obsidian/Onda 1 - 2026-08-06
17 - Viny Flow/05 - Inteligência do Cérebro/Implementações Operacionais/README.md,processo,17 - Viny Flow/05 - Inteligência do Cérebro/Implementações Operacionais/04 - Pesquisa - Runbooks e Incidentes.md,tutorial,SEMÂNTICA FORTE,0.68,Arquivos,manter,conteúdos operacionais do mesmo contexto,médio,manter,Agente Governança do Viny Brain,sim,needs_review,abaixo do limite de confiança automática ou depende de avaliação semântica humana,,/home/vinicius-alves/viny-brain-backups/Conexoes Obsidian/Onda 1 - 2026-08-06
17 - Viny Flow/05 - Inteligência do Cérebro/Implementações Operacionais/README.md,processo,17 - Viny Flow/05 - Inteligência do Cérebro/Implementações Operacionais/05 - Pesquisa - Postmortem Operacional.md,estudo,INCERTA,0.45,Arquivos,sugerir revisão/limpeza,sem evidência suficiente no contexto local do link,médio,revisar manualmente,Agente Governança do Viny Brain,sim,needs_review,abaixo do limite de confiança automática ou depende de avaliação semântica humana,,/home/vinicius-alves/viny-brain-backups/Conexoes Obsidian/Onda 1 - 2026-08-06
17 - Viny Flow/05 - Inteligência do Cérebro/Implementações Operacionais/README.md,processo,17 - Viny Flow/05 - Inteligência do Cérebro/Implementações Operacionais/06 - Pesquisa - Knowledge Ops e SOPs.md,tutorial,SEMÂNTICA FORTE,0.68,Arquivos,manter,conteúdos operacionais do mesmo contexto,médio,manter,Agente Governança do Viny Brain,sim,needs_review,abaixo do limite de confiança automática ou depende de avaliação semântica humana,,/home/vinicius-alves/viny-brain-backups/Conexoes Obsidian/Onda 1 - 2026-08-06
17 - Viny Flow/05 - Inteligência do Cérebro/Implementações Operacionais/README.md,processo,17 - Viny Flow/05 - Inteligência do Cérebro/Implementações Operacionais/07 - Pesquisa - IA para Suporte com Base de Conhecimento.md,estudo,INCERTA,0.45,Arquivos,sugerir revisão/limpeza,sem evidência suficiente no contexto local do link,médio,revisar manualmente,Agente Governança do Viny Brain,sim,needs_review,abaixo do limite de confiança automática ou depende de avaliação semântica humana,,/home/vinicius-alves/viny-brain-backups/Conexoes Obsidian/Onda 1 - 2026-08-06
17 - Viny Flow/05 - Inteligência do Cérebro/README.md,processo,17 - Viny Flow/05 - Inteligência do Cérebro/Templates/README.md,template,INCERTA,0.45,Arquivos,sugerir revisão/limpeza,sem evidência suficiente no contexto local do link,médio,revisar manualmente,Agente Governança do Viny Brain,sim,needs_review,abaixo do limite de confiança automática ou depende de avaliação semântica humana,,/home/vinicius-alves/viny-brain-backups/Conexoes Obsidian/Onda 1 - 2026-08-06
17 - Viny Flow/05 - Inteligência do Cérebro/README.md,processo,17 - Viny Flow/05 - Inteligência do Cérebro/Skills Candidatas/viny-ingest-source.md,processo,SEMÂNTICA FORTE,0.68,Arquivos,manter,conteúdos operacionais do mesmo contexto,médio,manter,Agente Governança do Viny Brain,sim,needs_review,abaixo do limite de confiança automática ou depende de avaliação semântica humana,,/home/vinicius-alves/viny-brain-backups/Conexoes Obsidian/Onda 1 - 2026-08-06
17 - Viny Flow/05 - Inteligência do Cérebro/Templates/README.md,template,17 - Viny Flow/05 - Inteligência do Cérebro/Templates/Template - Fonte Estudada.md,template,INCERTA,0.45,Templates,sugerir revisão/limpeza,sem evidência suficiente no contexto local do link,médio,revisar manualmente,Agente Governança do Viny Brain,sim,needs_review,abaixo do limite de confiança automática ou depende de avaliação semântica humana,,/home/vinicius-alves/viny-brain-backups/Conexoes Obsidian/Onda 1 - 2026-08-06
17 - Viny Flow/05 - Inteligência do Cérebro/Templates/README.md,template,17 - Viny Flow/05 - Inteligência do Cérebro/Templates/Template - Candidata a Skill.md,template,INCERTA,0.45,Templates,sugerir revisão/limpeza,sem evidência suficiente no contexto local do link,médio,revisar manualmente,Agente Governança do Viny Brain,sim,needs_review,abaixo do limite de confiança automática ou depende de avaliação semântica humana,,/home/vinicius-alves/viny-brain-backups/Conexoes Obsidian/Onda 1 - 2026-08-06
17 - Viny Flow/07 - Projetos/Automação de Ativação de Plugins WordPress/README.md,processo,17 - Viny Flow/07 - Projetos/Automação de Ativação de Plugins WordPress/02 - Fluxo Atual do Suporte.md,processo,SEMÂNTICA FORTE,0.68,Arquivos,manter,conteúdos operacionais do mesmo contexto,médio,manter,Agente Governança do Viny Brain,sim,needs_review,abaixo do limite de confiança automática ou depende de avaliação semântica humana,,/home/vinicius-alves/viny-brain-backups/Conexoes Obsidian/Onda 1 - 2026-08-06
17 - Viny Flow/07 - Projetos/Automação de Ativação de Plugins WordPress/README.md,processo,17 - Viny Flow/07 - Projetos/Automação de Ativação de Plugins WordPress/08 - Backlog do Projeto.md,demanda,INCERTA,0.45,Arquivos,sugerir revisão/limpeza,sem evidência suficiente no contexto local do link,médio,revisar manualmente,Agente Governança do Viny Brain,sim,needs_review,abaixo do limite de confiança automática ou depende de avaliação semântica humana,,/home/vinicius-alves/viny-brain-backups/Conexoes Obsidian/Onda 1 - 2026-08-06
17 - Viny Flow/07 - Projetos/Automação de Ativação de Plugins WordPress/README.md,processo,17 - Viny Flow/07 - Projetos/Automação de Ativação de Plugins WordPress/15 - Scanner Visual WHMCS.md,processo,SEMÂNTICA FORTE,0.68,Arquivos,manter,conteúdos operacionais do mesmo contexto,médio,manter,Agente Governança do Viny Brain,sim,needs_review,abaixo do limite de confiança automática ou depende de avaliação semântica humana,,/home/vinicius-alves/viny-brain-backups/Conexoes Obsidian/Onda 1 - 2026-08-06
17 - Viny Flow/07 - Projetos/Automação de Ativação de Plugins WordPress/README.md,processo,17 - Viny Flow/07 - Projetos/Automação de Ativação de Plugins WordPress/15 - Scanner Visual WHMCS.md,processo,REDUNDANTE,0.95,Arquivos,sugerir revisão/limpeza,link duplicado dentro da mesma nota,baixo,consolidar link duplicado,Agente Governança do Viny Brain,sim,needs_review,abaixo do limite de confiança automática ou depende de avaliação semântica humana,,/home/vinicius-alves/viny-brain-backups/Conexoes Obsidian/Onda 1 - 2026-08-06
17 - Viny Flow/07 - Projetos/Automação de Ativação de Plugins WordPress/README.md,processo,17 - Viny Flow/07 - Projetos/Automação de Ativação de Plugins WordPress/autonomous-scanner/README.md,processo,SEMÂNTICA FORTE,0.68,Arquivos,manter,conteúdos operacionais do mesmo contexto,médio,manter,Agente Governança do Viny Brain,sim,needs_review,abaixo do limite de confiança automática ou depende de avaliação semântica humana,,/home/vinicius-alves/viny-brain-backups/Conexoes Obsidian/Onda 1 - 2026-08-06
17 - Viny Flow/07 - Projetos/Legacy Doc/README - Legacy Doc.md,processo,17 - Viny Flow/07 - Projetos/Legacy Doc/00 - Visão Geral/Contexto do Produto.md,produto,INCERTA,0.45,Documentos iniciais,sugerir revisão/limpeza,sem evidência suficiente no contexto local do link,médio,revisar manualmente,Agente Governança do Viny Brain,sim,needs_review,abaixo do limite de confiança automática ou depende de avaliação semântica humana,,/home/vinicius-alves/viny-brain-backups/Conexoes Obsidian/Onda 1 - 2026-08-06
17 - Viny Flow/07 - Projetos/Legacy Doc/README - Legacy Doc.md,processo,17 - Viny Flow/07 - Projetos/Legacy Doc/01 - Produto/Funcionalidades Confirmadas.md,produto,INCERTA,0.45,Documentos iniciais,sugerir revisão/limpeza,sem evidência suficiente no contexto local do link,médio,revisar manualmente,Agente Governança do Viny Brain,sim,needs_review,abaixo do limite de confiança automática ou depende de avaliação semântica humana,,/home/vinicius-alves/viny-brain-backups/Conexoes Obsidian/Onda 1 - 2026-08-06
17 - Viny Flow/07 - Projetos/Legacy Doc/README - Legacy Doc.md,processo,17 - Viny Flow/07 - Projetos/Legacy Doc/01 - Produto/Backlog do Produto.md,demanda,INCERTA,0.45,Documentos iniciais,sugerir revisão/limpeza,sem evidência suficiente no contexto local do link,médio,revisar manualmente,Agente Governança do Viny Brain,sim,needs_review,abaixo do limite de confiança automática ou depende de avaliação semântica humana,,/home/vinicius-alves/viny-brain-backups/Conexoes Obsidian/Onda 1 - 2026-08-06
17 - Viny Flow/07 - Projetos/Legacy Doc/README - Legacy Doc.md,processo,17 - Viny Flow/07 - Projetos/Legacy Doc/03 - Landing Page/Arquitetura da Landing Page.md,processo,SEMÂNTICA FORTE,0.68,Documentos iniciais,manter,conteúdos operacionais do mesmo contexto,médio,manter,Agente Governança do Viny Brain,sim,needs_review,abaixo do limite de confiança automática ou depende de avaliação semântica humana,,/home/vinicius-alves/viny-brain-backups/Conexoes Obsidian/Onda 1 - 2026-08-06
17 - Viny Flow/07 - Projetos/Legacy Doc/README - Legacy Doc.md,processo,17 - Viny Flow/07 - Projetos/Legacy Doc/05 - Copy e SEO/Checklist de Claims.md,processo,SEMÂNTICA FORTE,0.68,Documentos iniciais,manter,conteúdos operacionais do mesmo contexto,médio,manter,Agente Governança do Viny Brain,sim,needs_review,abaixo do limite de confiança automática ou depende de avaliação semântica humana,,/home/vinicius-alves/viny-brain-backups/Conexoes Obsidian/Onda 1 - 2026-08-06
17 - Viny Flow/07 - Projetos/Legacy Doc/README - Legacy Doc.md,processo,17 - Viny Flow/07 - Projetos/Legacy Doc/10 - Checkpoints/Checkpoint Atual.md,checkpoint,HISTÓRICO OU RASTREABILIDADE,0.74,Documentos iniciais,sugerir revisão/limpeza,vínculo de sessão/checkpoint/histórico,médio,mover para seção de histórico,Agente Governança do Viny Brain,sim,needs_review,abaixo do limite de confiança automática ou depende de avaliação semântica humana,,/home/vinicius-alves/viny-brain-backups/Conexoes Obsidian/Onda 1 - 2026-08-06
17 - Viny Flow/07 - Projetos/README.md,processo,17 - Viny Flow/07 - Projetos/Automação de Ativação de Plugins WordPress/README.md,processo,SEMÂNTICA FORTE,0.68,Projetos ativos,manter,conteúdos operacionais do mesmo contexto,médio,manter,Agente Governança do Viny Brain,sim,needs_review,abaixo do limite de confiança automática ou depende de avaliação semântica humana,,/home/vinicius-alves/viny-brain-backups/Conexoes Obsidian/Onda 1 - 2026-08-06
17 - Viny Flow/07 - Projetos/README.md,processo,17 - Viny Flow/07 - Projetos/Legacy Doc/README - Legacy Doc.md,processo,GENÉRICA,0.62,Projetos ativos,sugerir revisão/limpeza,conexão entre áreas/projetos distintos (Viny Flow -> Legacy Doc),médio,revisar manualmente,Agente Governança do Viny Brain,sim,needs_review,abaixo do limite de confiança automática ou depende de avaliação semântica humana,,/home/vinicius-alves/viny-brain-backups/Conexoes Obsidian/Onda 1 - 2026-08-06
17 - Viny Flow/README.md,processo,17 - Viny Flow/00 - Orquestração/Como funciona o Viny Flow.md,tutorial,SEMÂNTICA FORTE,0.68,Estrutura,manter,conteúdos operacionais do mesmo contexto,médio,manter,Agente Governança do Viny Brain,sim,needs_review,abaixo do limite de confiança automática ou depende de avaliação semântica humana,,/home/vinicius-alves/viny-brain-backups/Conexoes Obsidian/Onda 1 - 2026-08-06
17 - Viny Flow/README.md,processo,17 - Viny Flow/01 - Agentes/Mapa de Agentes.md,MOC ou mapa,GENÉRICA,0.58,Estrutura,sugerir revisão/limpeza,link para hub amplo fora de seção claramente navegacional,médio,substituir por link ao MOC,Agente Governança do Viny Brain,sim,needs_review,abaixo do limite de confiança automática ou depende de avaliação semântica humana,,/home/vinicius-alves/viny-brain-backups/Conexoes Obsidian/Onda 1 - 2026-08-06
17 - Viny Flow/README.md,processo,17 - Viny Flow/02 - Workflows/Mapa de Workflows.md,MOC ou mapa,GENÉRICA,0.58,Estrutura,sugerir revisão/limpeza,link para hub amplo fora de seção claramente navegacional,médio,substituir por link ao MOC,Agente Governança do Viny Brain,sim,needs_review,abaixo do limite de confiança automática ou depende de avaliação semântica humana,,/home/vinicius-alves/viny-brain-backups/Conexoes Obsidian/Onda 1 - 2026-08-06
17 - Viny Flow/README.md,processo,17 - Viny Flow/04 - Checklists/Checklist de Entrada.md,processo,SEMÂNTICA FORTE,0.68,Estrutura,manter,conteúdos operacionais do mesmo contexto,médio,manter,Agente Governança do Viny Brain,sim,needs_review,abaixo do limite de confiança automática ou depende de avaliação semântica humana,,/home/vinicius-alves/viny-brain-backups/Conexoes Obsidian/Onda 1 - 2026-08-06
17 - Viny Flow/README.md,processo,17 - Viny Flow/05 - Auditorias/Modelo de Auditoria.md,template,INCERTA,0.45,Estrutura,sugerir revisão/limpeza,sem evidência suficiente no contexto local do link,médio,revisar manualmente,Agente Governança do Viny Brain,sim,needs_review,abaixo do limite de confiança automática ou depende de avaliação semântica humana,,/home/vinicius-alves/viny-brain-backups/Conexoes Obsidian/Onda 1 - 2026-08-06
17 - Viny Flow/README.md,processo,17 - Viny Flow/07 - Projetos/README.md,processo,SEMÂNTICA FORTE,0.68,Estrutura,manter,conteúdos operacionais do mesmo contexto,médio,manter,Agente Governança do Viny Brain,sim,needs_review,abaixo do limite de confiança automática ou depende de avaliação semântica humana,,/home/vinicius-alves/viny-brain-backups/Conexoes Obsidian/Onda 1 - 2026-08-06
17 - Viny Flow/README.md,processo,03 - Tutoriais/Checklist SEO Rank Math StayCloud.md,classificação incerta,GENÉRICA,0.62,Tutoriais StayCloud,sugerir revisão/limpeza,conexão entre áreas/projetos distintos (Viny Flow -> StayCloud),médio,revisar manualmente,Agente Governança do Viny Brain,sim,needs_review,abaixo do limite de confiança automática ou depende de avaliação semântica humana,,/home/vinicius-alves/viny-brain-backups/Conexoes Obsidian/Onda 1 - 2026-08-06
17 - Viny Flow/README.md,processo,03 - Tutoriais/Checklist UI UX - Tutorial StayCloud.md,tutorial,GENÉRICA,0.62,Tutoriais StayCloud,sugerir revisão/limpeza,conexão entre áreas/projetos distintos (Viny Flow -> StayCloud),médio,revisar manualmente,Agente Governança do Viny Brain,sim,needs_review,abaixo do limite de confiança automática ou depende de avaliação semântica humana,,/home/vinicius-alves/viny-brain-backups/Conexoes Obsidian/Onda 1 - 2026-08-06
17 - Viny Flow/README.md,processo,03 - Tutoriais/Modo Tutorial StayCloud.md,tutorial,GENÉRICA,0.62,Tutoriais StayCloud,sugerir revisão/limpeza,conexão entre áreas/projetos distintos (Viny Flow -> StayCloud),médio,revisar manualmente,Agente Governança do Viny Brain,sim,needs_review,abaixo do limite de confiança automática ou depende de avaliação semântica humana,,/home/vinicius-alves/viny-brain-backups/Conexoes Obsidian/Onda 1 - 2026-08-06
18 - Integrações/README.md,integração,18 - Integrações/README.md,integração,REDUNDANTE,0.98,Papel das ferramentas,sugerir revisão/limpeza,self-link; não cria navegação útil,baixo,remover link,Agente Governança do Viny Brain,sim,applied,"self-link confirmado, sem função técnica ou editorial",2026-08-06,/home/vinicius-alves/viny-brain-backups/Conexoes Obsidian/Onda 1 - 2026-08-06
18 - Integrações/README.md,integração,18 - Integrações/Plano de Integração - Notion e ClickUp.md,integração,INCERTA,0.45,Papel das ferramentas,sugerir revisão/limpeza,sem evidência suficiente no contexto local do link,médio,revisar manualmente,Agente Governança do Viny Brain,sim,needs_review,abaixo do limite de confiança automática ou depende de avaliação semântica humana,,/home/vinicius-alves/viny-brain-backups/Conexoes Obsidian/Onda 1 - 2026-08-06
18 - Integrações/README.md,integração,18 - Integrações/Mapeamento de Dados.md,integração,INCERTA,0.45,Papel das ferramentas,sugerir revisão/limpeza,sem evidência suficiente no contexto local do link,médio,revisar manualmente,Agente Governança do Viny Brain,sim,needs_review,abaixo do limite de confiança automática ou depende de avaliação semântica humana,,/home/vinicius-alves/viny-brain-backups/Conexoes Obsidian/Onda 1 - 2026-08-06
18 - Integrações/README.md,integração,18 - Integrações/Regras de Segurança - Integrações.md,integração,INCERTA,0.45,Papel das ferramentas,sugerir revisão/limpeza,sem evidência suficiente no contexto local do link,médio,revisar manualmente,Agente Governança do Viny Brain,sim,needs_review,abaixo do limite de confiança automática ou depende de avaliação semântica humana,,/home/vinicius-alves/viny-brain-backups/Conexoes Obsidian/Onda 1 - 2026-08-06
18 - Integrações/README.md,integração,18 - Integrações/Decisões - Integrações.md,decisão,INCERTA,0.45,Papel das ferramentas,sugerir revisão/limpeza,sem evidência suficiente no contexto local do link,médio,revisar manualmente,Agente Governança do Viny Brain,sim,needs_review,abaixo do limite de confiança automática ou depende de avaliação semântica humana,,/home/vinicius-alves/viny-brain-backups/Conexoes Obsidian/Onda 1 - 2026-08-06
18 - Integrações/README.md,integração,18 - Integrações/API/README.md,integração,INCERTA,0.45,Papel das ferramentas,sugerir revisão/limpeza,sem evidência suficiente no contexto local do link,médio,revisar manualmente,Agente Governança do Viny Brain,sim,needs_review,abaixo do limite de confiança automática ou depende de avaliação semântica humana,,/home/vinicius-alves/viny-brain-backups/Conexoes Obsidian/Onda 1 - 2026-08-06
18 - Integrações/README.md,integração,18 - Integrações/Notion/README.md,integração,INCERTA,0.45,Subáreas,sugerir revisão/limpeza,sem evidência suficiente no contexto local do link,médio,revisar manualmente,Agente Governança do Viny Brain,sim,needs_review,abaixo do limite de confiança automática ou depende de avaliação semântica humana,,/home/vinicius-alves/viny-brain-backups/Conexoes Obsidian/Onda 1 - 2026-08-06
18 - Integrações/README.md,integração,18 - Integrações/ClickUp/README.md,integração,INCERTA,0.45,Subáreas,sugerir revisão/limpeza,sem evidência suficiente no contexto local do link,médio,revisar manualmente,Agente Governança do Viny Brain,sim,needs_review,abaixo do limite de confiança automática ou depende de avaliação semântica humana,,/home/vinicius-alves/viny-brain-backups/Conexoes Obsidian/Onda 1 - 2026-08-06
18 - Integrações/README.md,integração,18 - Integrações/API/README.md,integração,REDUNDANTE,0.95,Subáreas,sugerir revisão/limpeza,link duplicado dentro da mesma nota,baixo,consolidar link duplicado,Agente Governança do Viny Brain,sim,needs_review,abaixo do limite de confiança automática ou depende de avaliação semântica humana,,/home/vinicius-alves/viny-brain-backups/Conexoes Obsidian/Onda 1 - 2026-08-06
18 - Integrações/README.md,integração,18 - Integrações/Pilotos/Piloto 01 - Reunião para Notion e ClickUp.md,reunião,INCERTA,0.45,Subáreas,sugerir revisão/limpeza,sem evidência suficiente no contexto local do link,médio,revisar manualmente,Agente Governança do Viny Brain,sim,needs_review,abaixo do limite de confiança automática ou depende de avaliação semântica humana,,/home/vinicius-alves/viny-brain-backups/Conexoes Obsidian/Onda 1 - 2026-08-06
18 - Integrações/README.md,integração,18 - Integrações/Pilotos/Piloto 02 - Demanda para ClickUp.md,demanda,INCERTA,0.45,Subáreas,sugerir revisão/limpeza,sem evidência suficiente no contexto local do link,médio,revisar manualmente,Agente Governança do Viny Brain,sim,needs_review,abaixo do limite de confiança automática ou depende de avaliação semântica humana,,/home/vinicius-alves/viny-brain-backups/Conexoes Obsidian/Onda 1 - 2026-08-06
19 - Reuniões/00 - Índice de Reuniões.md,índice,04 - Gestão/Reuniões Suporte/03 - Reuniões Concluídas/Weekly Suporte - 2026-07-10.md,reunião,GENÉRICA,0.55,Em revisão,sugerir revisão/limpeza,MOC/índice aponta para área distante; precisa validar escopo,médio,revisar manualmente,Agente Governança do Viny Brain,sim,needs_review,abaixo do limite de confiança automática ou depende de avaliação semântica humana,,/home/vinicius-alves/viny-brain-backups/Conexoes Obsidian/Onda 1 - 2026-08-06
19 - Reuniões/00 - Índice de Reuniões.md,índice,19 - Reuniões/05 - Modelos/Modelo - Daily Suporte.md,template,NAVEGAÇÃO,0.82,Modelos,manter,item listado em MOC/índice,baixo,manter,Agente Governança do Viny Brain,não,preserved,preservado por ser link forte/navegação/rastreabilidade ou sem autorização de remoção automática,,/home/vinicius-alves/viny-brain-backups/Conexoes Obsidian/Onda 1 - 2026-08-06
19 - Reuniões/00 - Índice de Reuniões.md,índice,19 - Reuniões/05 - Modelos/Modelo - Weekly Suporte.md,template,NAVEGAÇÃO,0.82,Modelos,manter,item listado em MOC/índice,baixo,manter,Agente Governança do Viny Brain,não,preserved,preservado por ser link forte/navegação/rastreabilidade ou sem autorização de remoção automática,,/home/vinicius-alves/viny-brain-backups/Conexoes Obsidian/Onda 1 - 2026-08-06
19 - Reuniões/00 - Índice de Reuniões.md,índice,19 - Reuniões/05 - Modelos/Checklist - Reunião Formatada.md,template,NAVEGAÇÃO,0.82,Modelos,manter,item listado em MOC/índice,baixo,manter,Agente Governança do Viny Brain,não,preserved,preservado por ser link forte/navegação/rastreabilidade ou sem autorização de remoção automática,,/home/vinicius-alves/viny-brain-backups/Conexoes Obsidian/Onda 1 - 2026-08-06
19 - Reuniões/00 - Índice de Reuniões.md,índice,19 - Reuniões/02 - Reuniões Formatadas/Dailies/Daily - Suporte - 2026-07-29 - 11-12.md,reunião,NAVEGAÇÃO,0.82,Dailies concluídas,manter,item listado em MOC/índice,baixo,manter,Agente Governança do Viny Brain,não,preserved,preservado por ser link forte/navegação/rastreabilidade ou sem autorização de remoção automática,,/home/vinicius-alves/viny-brain-backups/Conexoes Obsidian/Onda 1 - 2026-08-06
19 - Reuniões/00 - Índice de Reuniões.md,índice,19 - Reuniões/02 - Reuniões Formatadas/Dailies/Daily - Suporte - 2026-07-22 - 11-30.md,reunião,NAVEGAÇÃO,0.82,Dailies concluídas,manter,item listado em MOC/índice,baixo,manter,Agente Governança do Viny Brain,não,preserved,preservado por ser link forte/navegação/rastreabilidade ou sem autorização de remoção automática,,/home/vinicius-alves/viny-brain-backups/Conexoes Obsidian/Onda 1 - 2026-08-06
19 - Reuniões/00 - Índice de Reuniões.md,índice,19 - Reuniões/02 - Reuniões Formatadas/Dailies/Daily - Suporte - 2026-07-21 - 10-33.md,reunião,NAVEGAÇÃO,0.82,Dailies concluídas,manter,item listado em MOC/índice,baixo,manter,Agente Governança do Viny Brain,não,preserved,preservado por ser link forte/navegação/rastreabilidade ou sem autorização de remoção automática,,/home/vinicius-alves/viny-brain-backups/Conexoes Obsidian/Onda 1 - 2026-08-06
19 - Reuniões/00 - Índice de Reuniões.md,índice,19 - Reuniões/02 - Reuniões Formatadas/Dailies/Daily - Suporte - 2026-07-10.md,reunião,NAVEGAÇÃO,0.82,Dailies concluídas,manter,item listado em MOC/índice,baixo,manter,Agente Governança do Viny Brain,não,preserved,preservado por ser link forte/navegação/rastreabilidade ou sem autorização de remoção automática,,/home/vinicius-alves/viny-brain-backups/Conexoes Obsidian/Onda 1 - 2026-08-06
19 - Reuniões/00 - Índice de Reuniões.md,índice,19 - Reuniões/02 - Reuniões Formatadas/Weeklies/Weekly - Suporte - 2026-08-03 - 16-18.md,reunião,NAVEGAÇÃO,0.82,Weeklies concluídas,manter,item listado em MOC/índice,baixo,manter,Agente Governança do Viny Brain,não,preserved,preservado por ser link forte/navegação/rastreabilidade ou sem autorização de remoção automática,,/home/vinicius-alves/viny-brain-backups/Conexoes Obsidian/Onda 1 - 2026-08-06
19 - Reuniões/00 - Índice de Reuniões.md,índice,19 - Reuniões/01 - Em Revisão/Weekly - Suporte - 2026-08-03 - 16-18 - Transcrição Revisada.md,reunião,NAVEGAÇÃO,0.82,Weeklies concluídas,manter,item listado em MOC/índice,baixo,manter,Agente Governança do Viny Brain,não,preserved,preservado por ser link forte/navegação/rastreabilidade ou sem autorização de remoção automática,,/home/vinicius-alves/viny-brain-backups/Conexoes Obsidian/Onda 1 - 2026-08-06
Home.md,classificação incerta,00 - Mapas/Painel Operacional - Viny Brain.md,MOC ou mapa,GENÉRICA,0.58,Entrada principal,sugerir revisão/limpeza,link para hub amplo fora de seção claramente navegacional,médio,substituir por link ao MOC,Agente Governança do Viny Brain,sim,needs_review,abaixo do limite de confiança automática ou depende de avaliação semântica humana,,/home/vinicius-alves/viny-brain-backups/Conexoes Obsidian/Onda 1 - 2026-08-06
Home.md,classificação incerta,14 - Histórico Codex/Checkpoint Atual.md,checkpoint,HISTÓRICO OU RASTREABILIDADE,0.74,Continuidade,sugerir revisão/limpeza,vínculo de sessão/checkpoint/histórico,médio,mover para seção de histórico,Agente Governança do Viny Brain,sim,needs_review,abaixo do limite de confiança automática ou depende de avaliação semântica humana,,/home/vinicius-alves/viny-brain-backups/Conexoes Obsidian/Onda 1 - 2026-08-06
Home.md,classificação incerta,14 - Histórico Codex/Sessões/2026-07-02.md,histórico,HISTÓRICO OU RASTREABILIDADE,0.74,Continuidade,sugerir revisão/limpeza,vínculo de sessão/checkpoint/histórico,médio,mover para seção de histórico,Agente Governança do Viny Brain,sim,needs_review,abaixo do limite de confiança automática ou depende de avaliação semântica humana,,/home/vinicius-alves/viny-brain-backups/Conexoes Obsidian/Onda 1 - 2026-08-06
Home.md,classificação incerta,00 - Mapas/MOC - Viny Brain.md,MOC ou mapa,GENÉRICA,0.58,Continuidade,sugerir revisão/limpeza,link para hub amplo fora de seção claramente navegacional,médio,substituir por link ao MOC,Agente Governança do Viny Brain,sim,needs_review,abaixo do limite de confiança automática ou depende de avaliação semântica humana,,/home/vinicius-alves/viny-brain-backups/Conexoes Obsidian/Onda 1 - 2026-08-06
Home.md,classificação incerta,00 - Mapas/MOC - Codex.md,MOC ou mapa,GENÉRICA,0.58,Continuidade,sugerir revisão/limpeza,link para hub amplo fora de seção claramente navegacional,médio,substituir por link ao MOC,Agente Governança do Viny Brain,sim,needs_review,abaixo do limite de confiança automática ou depende de avaliação semântica humana,,/home/vinicius-alves/viny-brain-backups/Conexoes Obsidian/Onda 1 - 2026-08-06
Home.md,classificação incerta,17 - Viny Flow/README.md,processo,GENÉRICA,0.62,Continuidade,sugerir revisão/limpeza,conexão entre áreas/projetos distintos (Home.md -> Viny Flow),médio,revisar manualmente,Agente Governança do Viny Brain,sim,needs_review,abaixo do limite de confiança automática ou depende de avaliação semântica humana,,/home/vinicius-alves/viny-brain-backups/Conexoes Obsidian/Onda 1 - 2026-08-06
Home.md,classificação incerta,01 - Daily/Daily.md,reunião,GENÉRICA,0.62,Continuidade,sugerir revisão/limpeza,conexão entre áreas/projetos distintos (Home.md -> 01 - Daily),médio,revisar manualmente,Agente Governança do Viny Brain,sim,needs_review,abaixo do limite de confiança automática ou depende de avaliação semântica humana,,/home/vinicius-alves/viny-brain-backups/Conexoes Obsidian/Onda 1 - 2026-08-06
Home.md,classificação incerta,19 - Reuniões/00 - Índice de Reuniões.md,índice,GENÉRICA,0.58,Continuidade,sugerir revisão/limpeza,link para hub amplo fora de seção claramente navegacional,médio,substituir por link ao MOC,Agente Governança do Viny Brain,sim,needs_review,abaixo do limite de confiança automática ou depende de avaliação semântica humana,,/home/vinicius-alves/viny-brain-backups/Conexoes Obsidian/Onda 1 - 2026-08-06
Home.md,classificação incerta,00 - Inbox/Inbox.md,classificação incerta,GENÉRICA,0.62,Continuidade,sugerir revisão/limpeza,conexão entre áreas/projetos distintos (Home.md -> 00 - Inbox),médio,revisar manualmente,Agente Governança do Viny Brain,sim,needs_review,abaixo do limite de confiança automática ou depende de avaliação semântica humana,,/home/vinicius-alves/viny-brain-backups/Conexoes Obsidian/Onda 1 - 2026-08-06
Home.md,classificação incerta,02 - Suporte/Suporte.md,classificação incerta,GENÉRICA,0.62,Suporte,sugerir revisão/limpeza,conexão entre áreas/projetos distintos (Home.md -> 02 - Suporte),médio,revisar manualmente,Agente Governança do Viny Brain,sim,needs_review,abaixo do limite de confiança automática ou depende de avaliação semântica humana,,/home/vinicius-alves/viny-brain-backups/Conexoes Obsidian/Onda 1 - 2026-08-06
Home.md,classificação incerta,02 - Suporte/Respostas padrão.md,classificação incerta,GENÉRICA,0.62,Suporte,sugerir revisão/limpeza,conexão entre áreas/projetos distintos (Home.md -> 02 - Suporte),médio,revisar manualmente,Agente Governança do Viny Brain,sim,needs_review,abaixo do limite de confiança automática ou depende de avaliação semântica humana,,/home/vinicius-alves/viny-brain-backups/Conexoes Obsidian/Onda 1 - 2026-08-06
Home.md,classificação incerta,02 - Suporte/Problemas recorrentes.md,classificação incerta,GENÉRICA,0.62,Suporte,sugerir revisão/limpeza,conexão entre áreas/projetos distintos (Home.md -> 02 - Suporte),médio,revisar manualmente,Agente Governança do Viny Brain,sim,needs_review,abaixo do limite de confiança automática ou depende de avaliação semântica humana,,/home/vinicius-alves/viny-brain-backups/Conexoes Obsidian/Onda 1 - 2026-08-06
Home.md,classificação incerta,03 - Tutoriais/Tutoriais.md,classificação incerta,GENÉRICA,0.62,Tutoriais,sugerir revisão/limpeza,conexão entre áreas/projetos distintos (Home.md -> StayCloud),médio,revisar manualmente,Agente Governança do Viny Brain,sim,needs_review,abaixo do limite de confiança automática ou depende de avaliação semântica humana,,/home/vinicius-alves/viny-brain-backups/Conexoes Obsidian/Onda 1 - 2026-08-06
Home.md,classificação incerta,03 - Tutoriais/Modelo de tutorial.md,template,GENÉRICA,0.62,Tutoriais,sugerir revisão/limpeza,conexão entre áreas/projetos distintos (Home.md -> StayCloud),médio,revisar manualmente,Agente Governança do Viny Brain,sim,needs_review,abaixo do limite de confiança automática ou depende de avaliação semântica humana,,/home/vinicius-alves/viny-brain-backups/Conexoes Obsidian/Onda 1 - 2026-08-06
Home.md,classificação incerta,03 - Tutoriais/Checklist de tutorial.md,tutorial,GENÉRICA,0.62,Tutoriais,sugerir revisão/limpeza,conexão entre áreas/projetos distintos (Home.md -> StayCloud),médio,revisar manualmente,Agente Governança do Viny Brain,sim,needs_review,abaixo do limite de confiança automática ou depende de avaliação semântica humana,,/home/vinicius-alves/viny-brain-backups/Conexoes Obsidian/Onda 1 - 2026-08-06
Home.md,classificação incerta,03 - Tutoriais/Modo Tutorial StayCloud.md,tutorial,GENÉRICA,0.62,Tutoriais,sugerir revisão/limpeza,conexão entre áreas/projetos distintos (Home.md -> StayCloud),médio,revisar manualmente,Agente Governança do Viny Brain,sim,needs_review,abaixo do limite de confiança automática ou depende de avaliação semântica humana,,/home/vinicius-alves/viny-brain-backups/Conexoes Obsidian/Onda 1 - 2026-08-06
Home.md,classificação incerta,04 - Gestão/Equipe.md,classificação incerta,GENÉRICA,0.62,Gestão,sugerir revisão/limpeza,conexão entre áreas/projetos distintos (Home.md -> 04 - Gestão),médio,revisar manualmente,Agente Governança do Viny Brain,sim,needs_review,abaixo do limite de confiança automática ou depende de avaliação semântica humana,,/home/vinicius-alves/viny-brain-backups/Conexoes Obsidian/Onda 1 - 2026-08-06
Home.md,classificação incerta,04 - Gestão/Daily e Weekly.md,reunião,GENÉRICA,0.62,Gestão,sugerir revisão/limpeza,conexão entre áreas/projetos distintos (Home.md -> 04 - Gestão),médio,revisar manualmente,Agente Governança do Viny Brain,sim,needs_review,abaixo do limite de confiança automática ou depende de avaliação semântica humana,,/home/vinicius-alves/viny-brain-backups/Conexoes Obsidian/Onda 1 - 2026-08-06
Home.md,classificação incerta,19 - Reuniões/00 - Índice de Reuniões.md,índice,REDUNDANTE,0.95,Gestão,sugerir revisão/limpeza,link duplicado dentro da mesma nota,baixo,consolidar link duplicado,Agente Governança do Viny Brain,sim,needs_review,abaixo do limite de confiança automática ou depende de avaliação semântica humana,,/home/vinicius-alves/viny-brain-backups/Conexoes Obsidian/Onda 1 - 2026-08-06
Home.md,classificação incerta,05 - Processo Seletivo/Mensagens candidatos.md,processo,GENÉRICA,0.62,Processo Seletivo,sugerir revisão/limpeza,conexão entre áreas/projetos distintos (Home.md -> 05 - Processo Seletivo),médio,revisar manualmente,Agente Governança do Viny Brain,sim,needs_review,abaixo do limite de confiança automática ou depende de avaliação semântica humana,,/home/vinicius-alves/viny-brain-backups/Conexoes Obsidian/Onda 1 - 2026-08-06
Home.md,classificação incerta,06 - Relatórios/Modelos coordenação.md,template,GENÉRICA,0.62,Relatórios,sugerir revisão/limpeza,conexão entre áreas/projetos distintos (Home.md -> 06 - Relatórios),médio,revisar manualmente,Agente Governança do Viny Brain,sim,needs_review,abaixo do limite de confiança automática ou depende de avaliação semântica humana,,/home/vinicius-alves/viny-brain-backups/Conexoes Obsidian/Onda 1 - 2026-08-06
Home.md,classificação incerta,08 - Codex/Prompt Mestre.md,classificação incerta,GENÉRICA,0.62,Prompts,sugerir revisão/limpeza,conexão entre áreas/projetos distintos (Home.md -> Codex/Viny Brain),médio,revisar manualmente,Agente Governança do Viny Brain,sim,needs_review,abaixo do limite de confiança automática ou depende de avaliação semântica humana,,/home/vinicius-alves/viny-brain-backups/Conexoes Obsidian/Onda 1 - 2026-08-06
Home.md,classificação incerta,08 - Codex/Prompt de Inicialização.md,classificação incerta,GENÉRICA,0.62,Prompts,sugerir revisão/limpeza,conexão entre áreas/projetos distintos (Home.md -> Codex/Viny Brain),médio,revisar manualmente,Agente Governança do Viny Brain,sim,needs_review,abaixo do limite de confiança automática ou depende de avaliação semântica humana,,/home/vinicius-alves/viny-brain-backups/Conexoes Obsidian/Onda 1 - 2026-08-06
Home.md,classificação incerta,08 - Codex/Contexto do Trabalho.md,classificação incerta,GENÉRICA,0.62,Prompts,sugerir revisão/limpeza,conexão entre áreas/projetos distintos (Home.md -> Codex/Viny Brain),médio,revisar manualmente,Agente Governança do Viny Brain,sim,needs_review,abaixo do limite de confiança automática ou depende de avaliação semântica humana,,/home/vinicius-alves/viny-brain-backups/Conexoes Obsidian/Onda 1 - 2026-08-06
Home.md,classificação incerta,08 - Codex/Regras do Codex.md,classificação incerta,GENÉRICA,0.62,Prompts,sugerir revisão/limpeza,conexão entre áreas/projetos distintos (Home.md -> Codex/Viny Brain),médio,revisar manualmente,Agente Governança do Viny Brain,sim,needs_review,abaixo do limite de confiança automática ou depende de avaliação semântica humana,,/home/vinicius-alves/viny-brain-backups/Conexoes Obsidian/Onda 1 - 2026-08-06
Home.md,classificação incerta,18 - Integrações/README.md,integração,GENÉRICA,0.62,Integrações,sugerir revisão/limpeza,conexão entre áreas/projetos distintos (Home.md -> Integrações),médio,revisar manualmente,Agente Governança do Viny Brain,sim,needs_review,abaixo do limite de confiança automática ou depende de avaliação semântica humana,,/home/vinicius-alves/viny-brain-backups/Conexoes Obsidian/Onda 1 - 2026-08-06
Home.md,classificação incerta,17 - Viny Flow/README.md,processo,REDUNDANTE,0.95,Fluxos operacionais,sugerir revisão/limpeza,link duplicado dentro da mesma nota,baixo,consolidar link duplicado,Agente Governança do Viny Brain,sim,needs_review,abaixo do limite de confiança automática ou depende de avaliação semântica humana,,/home/vinicius-alves/viny-brain-backups/Conexoes Obsidian/Onda 1 - 2026-08-06
Home.md,classificação incerta,17 - Viny Flow/01 - Agentes/Mapa de Agentes.md,MOC ou mapa,GENÉRICA,0.58,Fluxos operacionais,sugerir revisão/limpeza,link para hub amplo fora de seção claramente navegacional,médio,substituir por link ao MOC,Agente Governança do Viny Brain,sim,needs_review,abaixo do limite de confiança automática ou depende de avaliação semântica humana,,/home/vinicius-alves/viny-brain-backups/Conexoes Obsidian/Onda 1 - 2026-08-06
Home.md,classificação incerta,17 - Viny Flow/02 - Workflows/Mapa de Workflows.md,MOC ou mapa,GENÉRICA,0.58,Fluxos operacionais,sugerir revisão/limpeza,link para hub amplo fora de seção claramente navegacional,médio,substituir por link ao MOC,Agente Governança do Viny Brain,sim,needs_review,abaixo do limite de confiança automática ou depende de avaliação semântica humana,,/home/vinicius-alves/viny-brain-backups/Conexoes Obsidian/Onda 1 - 2026-08-06
Home.md,classificação incerta,17 - Viny Flow/03 - Comandos/Comandos Reutilizáveis.md,comando,GENÉRICA,0.62,Fluxos operacionais,sugerir revisão/limpeza,conexão entre áreas/projetos distintos (Home.md -> Viny Flow),médio,revisar manualmente,Agente Governança do Viny Brain,sim,needs_review,abaixo do limite de confiança automática ou depende de avaliação semântica humana,,/home/vinicius-alves/viny-brain-backups/Conexoes Obsidian/Onda 1 - 2026-08-06
Home.md,classificação incerta,17 - Viny Flow/04 - Checklists/Checklist de Entrada.md,processo,GENÉRICA,0.62,Fluxos operacionais,sugerir revisão/limpeza,conexão entre áreas/projetos distintos (Home.md -> Viny Flow),médio,revisar manualmente,Agente Governança do Viny Brain,sim,needs_review,abaixo do limite de confiança automática ou depende de avaliação semântica humana,,/home/vinicius-alves/viny-brain-backups/Conexoes Obsidian/Onda 1 - 2026-08-06
Home.md,classificação incerta,17 - Viny Flow/04 - Checklists/Checklist de Saída.md,processo,GENÉRICA,0.62,Fluxos operacionais,sugerir revisão/limpeza,conexão entre áreas/projetos distintos (Home.md -> Viny Flow),médio,revisar manualmente,Agente Governança do Viny Brain,sim,needs_review,abaixo do limite de confiança automática ou depende de avaliação semântica humana,,/home/vinicius-alves/viny-brain-backups/Conexoes Obsidian/Onda 1 - 2026-08-06
Home.md,classificação incerta,15 - Cursos e Estudos/SINAPSE T03/README.md,estudo,GENÉRICA,0.62,Estudos e Ferramentas,sugerir revisão/limpeza,conexão entre áreas/projetos distintos (Home.md -> Projetos acadêmicos/estudos),médio,revisar manualmente,Agente Governança do Viny Brain,sim,needs_review,abaixo do limite de confiança automática ou depende de avaliação semântica humana,,/home/vinicius-alves/viny-brain-backups/Conexoes Obsidian/Onda 1 - 2026-08-06
Home.md,classificação incerta,16 - Estudos e Ferramentas/Ruflo/Diagnóstico - Ruflo.md,estudo,GENÉRICA,0.62,Estudos e Ferramentas,sugerir revisão/limpeza,conexão entre áreas/projetos distintos (Home.md -> Ferramentas),médio,revisar manualmente,Agente Governança do Viny Brain,sim,needs_review,abaixo do limite de confiança automática ou depende de avaliação semântica humana,,/home/vinicius-alves/viny-brain-backups/Conexoes Obsidian/Onda 1 - 2026-08-06
Home.md,classificação incerta,16 - Estudos e Ferramentas/ECC/Diagnóstico - ECC.md,estudo,GENÉRICA,0.62,Estudos e Ferramentas,sugerir revisão/limpeza,conexão entre áreas/projetos distintos (Home.md -> Ferramentas),médio,revisar manualmente,Agente Governança do Viny Brain,sim,needs_review,abaixo do limite de confiança automática ou depende de avaliação semântica humana,,/home/vinicius-alves/viny-brain-backups/Conexoes Obsidian/Onda 1 - 2026-08-06
Home.md,classificação incerta,14 - Histórico Codex/Regras de Histórico.md,histórico,HISTÓRICO OU RASTREABILIDADE,0.74,Histórico,sugerir revisão/limpeza,vínculo de sessão/checkpoint/histórico,médio,mover para seção de histórico,Agente Governança do Viny Brain,sim,needs_review,abaixo do limite de confiança automática ou depende de avaliação semântica humana,,/home/vinicius-alves/viny-brain-backups/Conexoes Obsidian/Onda 1 - 2026-08-06
Home.md,classificação incerta,14 - Histórico Codex/Status Operacional.md,histórico,HISTÓRICO OU RASTREABILIDADE,0.74,Histórico,sugerir revisão/limpeza,vínculo de sessão/checkpoint/histórico,médio,mover para seção de histórico,Agente Governança do Viny Brain,sim,needs_review,abaixo do limite de confiança automática ou depende de avaliação semântica humana,,/home/vinicius-alves/viny-brain-backups/Conexoes Obsidian/Onda 1 - 2026-08-06
